date_de_tirage;jour_de_tirage;boule_1;boule_2;boule_3;boule_4;boule_5;numero_chance
20081004;SA;33;32;42;16;15;
20081004;SA;36;9;16;27;25;
20081001;ME;41;16;14;18;10;
20081001;ME;29;28;3;1;6;
20080927;SA;24;47;39;42;45;
20080927;SA;28;7;24;35;32;
20080924;ME;2;33;34;28;8;
20080924;ME;9;19;32;21;20;
20080920;SA;24;40;13;9;47;
20080920;SA;31;26;47;10;12;
20080917;ME;31;49;9;30;29;
20080917;ME;26;43;49;40;48;
20080913;SA;11;36;34;14;35;
20080913;SA;28;40;8;9;17;
20080910;ME;7;24;6;12;2;
20080910;ME;38;36;19;5;39;
20080906;SA;20;34;49;21;46;
20080906;SA;22;40;12;46;29;
20080903;ME;29;12;27;4;2;
20080903;ME;28;15;26;42;14;
20080830;SA;6;32;23;19;47;
20080830;SA;47;21;5;20;37;
20080827;ME;49;34;21;19;32;
20080827;ME;39;25;8;7;43;
20080823;SA;12;40;43;8;31;
20080823;SA;37;39;3;7;26;
20080820;ME;15;17;26;32;12;
20080820;ME;5;44;10;41;11;
20080816;SA;5;25;34;12;20;
20080816;SA;42;21;41;29;24;
20080813;ME;41;43;25;23;4;
20080813;ME;23;49;29;11;38;
20080809;SA;19;29;25;24;6;
20080809;SA;24;48;47;6;2;
20080806;ME;16;40;46;39;43;
20080806;ME;13;26;35;30;47;
20080802;SA;11;9;27;18;46;
20080802;SA;34;32;15;16;17;
20080730;ME;44;7;48;32;40;
20080730;ME;32;33;7;35;36;
20080726;SA;45;20;48;44;31;
20080726;SA;41;13;27;18;42;
20080723;ME;29;4;35;23;17;
20080723;ME;16;48;6;22;5;
20080719;SA;3;47;10;25;40;
20080719;SA;41;1;11;46;19;
20080716;ME;23;29;34;47;21;
20080716;ME;47;17;10;1;16;
20080712;SA;6;9;7;43;8;
20080712;SA;26;27;4;18;20;
20080709;ME;45;34;39;21;13;
20080709;ME;46;25;36;4;16;
20080705;SA;35;36;44;39;13;
20080705;SA;18;26;17;23;12;
20080702;ME;34;26;3;17;4;
20080702;ME;43;33;38;14;27;
20080628;SA;44;7;16;29;26;
20080628;SA;30;18;17;7;22;
20080625;ME;5;27;44;3;35;
20080625;ME;12;36;2;1;30;
20080621;SA;30;19;2;10;22;
20080621;SA;29;14;41;17;28;
20080618;ME;46;1;39;11;32;
20080618;ME;49;29;21;11;48;
20080614;SA;1;27;11;24;20;
20080614;SA;24;39;1;16;35;
20080611;ME;22;47;45;26;35;
20080611;ME;6;7;35;46;45;
20080607;SA;30;3;1;33;9;
20080607;SA;20;15;40;13;2;
20080604;ME;46;15;11;40;8;
20080604;ME;39;27;30;19;13;
20080531;SA;43;19;48;1;3;
20080531;SA;23;2;46;42;32;
20080528;ME;24;12;17;46;14;
20080528;ME;14;18;29;30;32;
20080524;SA;33;48;32;5;16;
20080524;SA;32;8;39;7;1;
20080521;ME;14;17;33;1;7;
20080521;ME;5;34;17;35;13;
20080517;SA;20;35;28;13;1;
20080517;SA;10;37;25;4;36;
20080514;ME;12;13;5;17;31;
20080514;ME;39;14;18;16;10;
20080510;SA;47;20;40;21;7;
20080510;SA;17;42;14;23;15;
20080507;ME;21;35;14;24;12;
20080507;ME;45;43;37;25;47;
20080503;SA;41;18;16;4;34;
20080503;SA;41;13;16;48;14;
20080430;ME;49;31;27;40;38;
20080430;ME;42;16;29;13;35;
20080426;SA;34;49;37;14;3;
20080426;SA;15;28;27;11;37;
20080423;ME;14;36;3;17;25;
20080423;ME;23;33;3;45;39;
20080419;SA;10;2;8;21;15;
20080419;SA;10;49;26;11;34;
20080416;ME;41;2;44;5;47;
20080416;ME;37;13;31;48;25;
20080412;SA;45;17;18;8;24;
20080412;SA;44;49;27;48;24;
20080409;ME;32;14;9;5;48;
20080409;ME;8;41;19;37;3;
20080405;SA;21;27;6;47;30;
20080405;SA;10;2;32;44;20;
20080402;ME;14;43;27;46;42;
20080402;ME;7;28;41;9;2;
20080329;SA;36;19;4;21;18;
20080329;SA;7;3;10;11;38;
20080326;ME;4;46;34;5;18;
20080326;ME;49;6;21;10;17;
20080322;SA;11;35;38;28;44;
20080322;SA;43;8;31;9;10;
20080319;ME;20;34;37;25;1;
20080319;ME;36;6;33;26;42;
20080315;SA;44;5;6;22;30;
20080315;SA;17;38;23;45;9;
20080312;ME;19;1;31;22;39;
20080312;ME;32;44;8;24;14;
20080308;SA;24;36;11;3;42;
20080308;SA;18;11;12;43;10;
20080305;ME;41;30;28;46;42;
20080305;ME;1;37;9;12;11;
20080301;SA;2;32;40;33;34;
20080301;SA;23;16;44;38;4;
20080227;ME;3;40;12;37;46;
20080227;ME;23;37;39;41;21;
20080223;SA;22;41;17;30;3;
20080223;SA;26;3;8;46;19;
20080220;ME;13;30;14;10;19;
20080220;ME;40;39;31;20;29;
20080216;SA;49;35;27;8;39;
20080216;SA;5;41;47;33;46;
20080213;ME;7;32;31;42;23;
20080213;ME;13;15;6;29;33;
20080209;SA;37;40;14;8;18;
20080209;SA;38;45;13;27;12;
20080206;ME;2;47;3;17;44;
20080206;ME;8;22;46;2;10;
20080202;SA;39;26;19;5;6;
20080202;SA;31;15;32;5;30;
20080130;ME;19;8;35;4;34;
20080130;ME;3;33;38;9;48;
20080126;SA;33;31;38;45;47;
20080126;SA;42;46;22;20;48;
20080123;ME;38;25;45;44;31;
20080123;ME;28;24;10;7;25;
20080119;SA;15;24;44;34;16;
20080119;SA;34;17;24;39;37;
20080116;ME;2;41;33;14;34;
20080116;ME;38;31;1;14;26;
20080112;SA;34;26;39;35;37;
20080112;SA;5;21;24;36;19;
20080109;ME;26;9;39;33;44;
20080109;ME;16;3;11;29;5;
20080105;SA;20;7;40;16;47;
20080105;SA;3;25;46;11;5;
20080102;ME;29;7;37;5;31;
20080102;ME;6;3;19;8;37;
20071229;SA;27;10;13;8;41;
20071229;SA;32;48;31;26;25;
20071226;ME;9;8;16;11;40;
20071226;ME;41;39;27;14;35;
20071222;SA;17;33;43;32;28;
20071222;SA;31;14;25;15;11;
20071219;ME;20;27;14;1;15;
20071219;ME;45;19;48;3;30;
20071215;SA;46;42;37;31;7;
20071215;SA;21;47;15;4;40;
20071212;ME;45;28;22;15;21;
20071212;ME;17;10;38;44;4;
20071208;SA;44;14;25;3;15;
20071208;SA;43;19;3;2;42;
20071205;ME;28;24;20;46;49;
20071205;ME;39;25;37;33;32;
20071201;SA;2;20;15;4;39;
20071201;SA;34;30;23;19;48;
20071128;ME;35;16;34;2;29;
20071128;ME;36;17;30;23;42;
20071124;SA;44;29;17;26;27;
20071124;SA;19;29;16;48;9;
20071121;ME;8;33;22;43;17;
20071121;ME;20;32;6;38;27;
20071117;SA;22;33;8;31;34;
20071117;SA;23;11;1;16;40;
20071114;ME;43;18;34;16;17;
20071114;ME;7;44;41;39;32;
20071110;SA;46;25;11;33;48;
20071110;SA;30;31;41;42;19;
20071107;ME;9;28;44;40;42;
20071107;ME;45;40;42;21;8;
20071103;SA;11;41;6;20;39;
20071103;SA;4;33;3;45;28;
20071031;ME;16;46;24;19;23;
20071031;ME;39;40;19;30;7;
20071027;SA;39;21;26;48;28;
20071027;SA;25;28;8;42;37;
20071024;ME;36;38;29;21;3;
20071024;ME;27;33;6;36;17;
20071020;SA;31;6;48;15;4;
20071020;SA;5;39;37;34;9;
20071017;ME;2;47;28;40;13;
20071017;ME;45;38;14;19;9;
20071013;SA;25;23;11;49;3;
20071013;SA;30;47;39;11;40;
20071010;ME;21;25;2;4;46;
20071010;ME;15;24;34;42;40;
20071006;SA;38;8;5;39;1;
20071006;SA;31;36;28;40;14;
20071003;ME;42;18;40;30;21;
20071003;ME;2;6;30;5;15;
20070929;SA;23;25;30;6;24;
20070929;SA;1;34;29;49;33;
20070926;ME;18;4;5;11;48;
20070926;ME;8;16;31;10;34;
20070922;SA;38;1;25;49;2;
20070922;SA;24;36;27;31;8;
20070919;ME;10;8;41;39;46;
20070919;ME;8;10;28;20;33;
20070915;SA;18;15;23;25;41;
20070915;SA;47;21;30;10;28;
20070912;ME;7;41;21;39;2;
20070912;ME;45;49;23;48;6;
20070908;SA;4;5;19;1;17;
20070908;SA;26;40;28;12;43;
20070905;ME;38;10;5;12;35;
20070905;ME;31;12;43;49;18;
20070901;SA;46;37;16;48;9;
20070901;SA;45;27;39;31;18;
20070829;ME;17;3;14;36;11;
20070829;ME;39;14;32;19;20;
20070825;SA;44;37;45;16;3;
20070825;SA;22;13;12;19;8;
20070822;ME;7;14;34;40;36;
20070822;ME;14;13;48;29;30;
20070818;SA;39;35;13;48;8;
20070818;SA;29;31;30;17;10;
20070815;ME;7;32;38;30;36;
20070815;ME;9;32;44;8;33;
20070811;SA;18;35;36;38;13;
20070811;SA;12;25;46;23;38;
20070808;ME;47;13;35;41;19;
20070808;ME;21;13;46;45;32;
20070804;SA;8;34;32;36;46;
20070804;SA;32;20;26;40;49;
20070801;ME;41;24;29;6;33;
20070801;ME;24;2;41;38;42;
20070728;SA;39;20;48;8;33;
20070728;SA;22;40;36;3;20;
20070725;ME;8;30;33;47;6;
20070725;ME;21;31;6;12;17;
20070721;SA;3;22;15;4;33;
20070721;SA;31;27;13;29;34;
20070718;ME;12;14;38;17;28;
20070718;ME;21;6;31;1;13;
20070714;SA;23;26;16;25;33;
20070714;SA;10;39;4;20;24;
20070711;ME;23;46;15;2;20;
20070711;ME;35;2;23;21;3;
20070707;SA;17;4;24;21;27;
20070707;SA;36;14;22;2;35;
20070704;ME;8;24;38;20;34;
20070704;ME;45;44;36;33;20;
20070630;SA;6;28;33;29;43;
20070630;SA;35;29;11;9;24;
20070627;ME;8;37;34;20;39;
20070627;ME;42;6;29;13;12;
20070623;SA;47;15;37;5;11;
20070623;SA;43;13;28;7;45;
20070620;ME;12;33;45;14;15;
20070620;ME;14;10;2;42;5;
20070616;SA;20;40;38;31;37;
20070616;SA;32;40;26;12;3;
20070613;ME;15;40;3;41;34;
20070613;ME;8;3;13;40;22;
20070609;SA;17;3;10;46;35;
20070609;SA;28;4;26;22;35;
20070606;ME;31;9;33;29;46;
20070606;ME;35;41;16;22;47;
20070602;SA;14;27;49;24;47;
20070602;SA;17;15;27;48;28;
20070530;ME;25;39;49;23;11;
20070530;ME;9;32;10;22;15;
20070526;SA;30;43;6;34;46;
20070526;SA;2;29;16;22;21;
20070523;ME;36;27;1;5;8;
20070523;ME;47;3;15;40;7;
20070519;SA;10;46;34;21;35;
20070519;SA;9;2;48;43;41;
20070516;ME;22;49;19;4;41;
20070516;ME;8;32;47;36;30;
20070512;SA;26;3;39;38;2;
20070512;SA;35;12;39;31;26;
20070509;ME;8;27;36;12;49;
20070509;ME;3;16;21;22;35;
20070505;SA;21;4;20;1;48;
20070505;SA;27;2;40;3;36;
20070502;ME;6;15;48;19;32;
20070502;ME;1;15;3;31;19;
20070428;SA;13;47;4;26;23;
20070428;SA;42;25;37;28;46;
20070425;ME;14;19;2;3;40;
20070425;ME;8;16;27;29;18;
20070421;SA;10;25;48;3;33;
20070421;SA;41;49;10;44;15;
20070418;ME;39;38;44;9;11;
20070418;ME;26;12;5;21;8;
20070414;SA;36;2;26;7;17;
20070414;SA;49;23;44;36;7;
20070411;ME;44;8;33;36;34;
20070411;ME;37;28;20;7;47;
20070407;SA;42;20;28;10;24;
20070407;SA;46;39;17;13;9;
20070404;ME;20;33;5;35;26;
20070404;ME;26;7;41;44;5;
20070331;SA;16;4;30;11;24;
20070331;SA;17;46;36;3;21;
20070328;ME;36;25;18;19;21;
20070328;ME;34;39;46;19;44;
20070324;SA;34;17;45;36;42;
20070324;SA;15;3;10;30;17;
20070321;ME;9;39;38;48;12;
20070321;ME;23;46;15;34;20;
20070317;SA;6;48;41;10;34;
20070317;SA;32;44;48;9;27;
20070314;ME;31;29;33;35;12;
20070314;ME;2;17;8;27;26;
20070310;SA;10;46;12;21;8;
20070310;SA;10;42;24;28;15;
20070307;ME;14;8;35;33;38;
20070307;ME;36;35;14;49;38;
20070303;SA;36;10;4;9;19;
20070303;SA;27;37;42;26;38;
20070228;ME;18;12;49;20;25;
20070228;ME;11;6;24;36;25;
20070224;SA;23;34;13;38;30;
20070224;SA;23;27;14;36;35;
20070221;ME;16;41;24;5;26;
20070221;ME;17;4;26;46;23;
20070217;SA;10;46;35;9;40;
20070217;SA;2;22;29;21;3;
20070214;ME;38;1;15;26;28;
20070214;ME;19;43;4;30;42;
20070210;SA;46;2;29;10;20;
20070210;SA;11;15;8;41;49;
20070207;ME;34;40;37;5;30;
20070207;ME;27;32;24;13;44;
20070203;SA;10;11;44;40;45;
20070203;SA;31;33;44;34;46;
20070131;ME;31;47;10;42;26;
20070131;ME;27;20;12;5;43;
20070127;SA;38;19;30;24;42;
20070127;SA;47;29;11;44;42;
20070124;ME;21;42;49;26;13;
20070124;ME;40;5;37;13;32;
20070120;SA;19;49;43;47;42;
20070120;SA;19;46;16;11;10;
20070117;ME;39;43;22;30;6;
20070117;ME;26;44;25;33;12;
20070113;SA;6;20;5;17;39;
20070113;SA;16;47;35;21;22;
20070110;ME;42;45;34;7;24;
20070110;ME;38;49;37;36;32;
20070106;SA;7;1;38;34;27;
20070106;SA;20;4;21;48;40;
20070103;ME;39;33;49;1;45;
20070103;ME;46;20;29;41;49;
20061230;SA;23;1;36;32;28;
20061230;SA;26;6;23;20;33;
20061227;ME;26;20;17;7;47;
20061227;ME;14;46;3;35;2;
20061223;SA;39;11;3;8;6;
20061223;SA;48;2;37;36;33;
20061220;ME;29;49;9;44;25;
20061220;ME;5;24;45;32;20;
20061216;SA;10;17;32;48;37;
20061216;SA;48;20;10;13;43;
20061213;ME;39;29;31;6;10;
20061213;ME;42;49;32;4;37;
20061209;SA;39;20;30;12;33;
20061209;SA;40;30;15;47;5;
20061206;ME;15;41;8;40;36;
20061206;ME;31;44;35;19;9;
20061202;SA;4;35;17;14;20;
20061202;SA;19;16;22;29;30;
20061129;ME;5;7;10;36;49;
20061129;ME;21;46;23;44;10;
20061125;SA;17;14;43;5;31;
20061125;SA;4;39;21;2;13;
20061122;ME;25;28;24;27;45;
20061122;ME;33;8;45;34;41;
20061118;SA;26;27;2;38;16;
20061118;SA;43;22;17;32;1;
20061115;ME;19;44;22;48;8;
20061115;ME;37;25;16;17;45;
20061111;SA;17;47;10;25;13;
20061111;SA;24;9;11;26;2;
20061108;ME;38;43;2;36;25;
20061108;ME;1;48;28;12;11;
20061104;SA;27;4;48;46;23;
20061104;SA;7;14;25;43;39;
20061101;ME;42;47;3;30;15;
20061101;ME;6;36;16;21;33;
20061028;SA;33;25;30;40;10;
20061028;SA;13;25;10;18;20;
20061025;ME;45;39;18;38;16;
20061025;ME;12;38;18;27;43;
20061021;SA;2;18;40;14;27;
20061021;SA;9;16;26;3;40;
20061018;ME;44;8;32;41;43;
20061018;ME;37;10;21;17;22;
20061014;SA;33;8;18;3;30;
20061014;SA;26;3;35;14;46;
20061011;ME;31;6;7;45;15;
20061011;ME;7;45;37;20;16;
20061007;SA;2;48;26;7;4;
20061007;SA;2;5;38;32;21;
20061004;ME;33;34;48;8;14;
20061004;ME;11;47;3;28;14;
20060930;SA;17;30;24;5;35;
20060930;SA;2;35;8;49;44;
20060927;ME;46;4;36;25;31;
20060927;ME;26;33;9;8;23;
20060923;SA;31;23;29;40;15;
20060923;SA;22;48;44;25;47;
20060920;ME;30;4;8;15;49;
20060920;ME;30;29;11;21;44;
20060916;SA;40;32;17;15;34;
20060916;SA;18;12;31;26;37;
20060913;ME;11;49;15;4;41;
20060913;ME;5;44;8;31;22;
20060909;SA;49;20;13;46;4;
20060909;SA;26;15;39;12;48;
20060906;ME;45;47;15;12;22;
20060906;ME;23;10;22;28;5;
20060902;SA;2;27;49;25;3;
20060902;SA;11;4;21;49;34;
20060830;ME;3;24;6;36;2;
20060830;ME;27;43;35;13;11;
20060826;SA;34;41;9;44;48;
20060826;SA;11;30;45;36;25;
20060823;ME;28;25;33;11;12;
20060823;ME;21;46;10;38;36;
20060819;SA;13;22;42;11;40;
20060819;SA;15;22;32;49;41;
20060816;ME;46;26;8;23;38;
20060816;ME;30;3;15;33;13;
20060812;SA;4;20;27;16;9;
20060812;SA;43;4;14;26;16;
20060809;ME;31;12;7;24;43;
20060809;ME;19;49;27;3;39;
20060805;SA;36;46;32;41;43;
20060805;SA;2;30;37;22;14;
20060802;ME;43;46;30;36;13;
20060802;ME;49;9;41;24;36;
20060729;SA;39;1;26;27;21;
20060729;SA;15;34;35;4;44;
20060726;ME;15;33;34;30;42;
20060726;ME;3;20;45;8;27;
20060722;SA;44;43;13;18;45;
20060722;SA;40;21;28;41;27;
20060719;ME;31;14;35;24;44;
20060719;ME;32;23;12;16;36;
20060715;SA;16;49;22;27;19;
20060715;SA;35;37;16;33;14;
20060712;ME;15;10;26;41;34;
20060712;ME;1;31;22;7;21;
20060708;SA;35;44;38;43;6;
20060708;SA;18;39;4;15;1;
20060705;ME;37;39;28;5;46;
20060705;ME;25;19;33;2;17;
20060701;SA;38;44;2;29;7;
20060701;SA;3;17;47;4;44;
20060628;ME;8;43;20;19;1;
20060628;ME;43;22;5;2;19;
20060624;SA;13;8;32;3;36;
20060624;SA;34;10;3;15;5;
20060621;ME;16;11;23;3;8;
20060621;ME;17;10;44;5;42;
20060617;SA;46;18;12;40;21;
20060617;SA;38;41;13;9;10;
20060614;ME;45;17;9;36;10;
20060614;ME;42;20;30;28;41;
20060610;SA;28;24;35;19;44;
20060610;SA;10;29;25;35;1;
20060607;ME;8;10;4;26;9;
20060607;ME;34;9;14;30;25;
20060603;SA;48;1;47;36;2;
20060603;SA;39;10;36;41;16;
20060531;ME;23;31;11;44;5;
20060531;ME;16;25;1;3;7;
20060527;SA;1;25;14;38;24;
20060527;SA;5;31;28;16;35;
20060524;ME;26;1;15;47;23;
20060524;ME;7;4;12;25;20;
20060520;SA;32;8;7;26;19;
20060520;SA;30;40;32;46;44;
20060517;ME;31;21;37;29;15;
20060517;ME;44;13;30;24;11;
20060513;SA;17;47;34;35;16;
20060513;SA;41;14;10;47;16;
20060510;ME;4;37;38;48;41;
20060510;ME;38;22;4;47;30;
20060506;SA;17;1;46;5;25;
20060506;SA;34;18;48;38;46;
20060503;ME;3;4;13;15;11;
20060503;ME;30;8;37;9;24;
20060429;SA;42;35;43;21;18;
20060429;SA;36;22;41;9;35;
20060426;ME;30;29;23;45;11;
20060426;ME;16;2;48;27;36;
20060422;SA;23;5;17;30;28;
20060422;SA;32;30;39;10;11;
20060419;ME;11;20;28;9;35;
20060419;ME;48;20;36;11;37;
20060415;SA;48;27;13;18;31;
20060415;SA;24;9;34;26;40;
20060412;ME;20;31;6;4;39;
20060412;ME;45;11;18;47;26;
20060408;SA;3;41;29;13;44;
20060408;SA;42;41;39;13;21;
20060405;ME;8;15;48;40;30;
20060405;ME;10;46;30;29;44;
20060401;SA;28;21;24;40;30;
20060401;SA;49;12;6;46;5;
20060329;ME;43;45;12;29;46;
20060329;ME;5;20;33;9;13;
20060325;SA;26;17;32;33;44;
20060325;SA;29;45;10;15;16;
20060322;ME;18;4;47;35;9;
20060322;ME;28;49;14;36;12;
20060318;SA;8;19;27;47;31;
20060318;SA;25;19;32;30;21;
20060315;ME;21;40;48;15;18;
20060315;ME;41;25;34;30;45;
20060311;SA;13;6;43;18;27;
20060311;SA;4;21;44;6;43;
20060308;ME;3;31;15;9;34;
20060308;ME;15;49;1;8;23;
20060304;SA;4;18;1;14;23;
20060304;SA;15;13;28;5;14;
20060301;ME;45;32;34;26;31;
20060301;ME;32;34;49;46;19;
20060225;SA;22;41;25;33;38;
20060225;SA;43;6;1;14;15;
20060222;ME;34;36;46;39;10;
20060222;ME;14;30;5;45;22;
20060218;SA;39;5;15;3;34;
20060218;SA;47;36;4;39;24;
20060215;ME;1;44;18;30;39;
20060215;ME;42;35;20;28;4;
20060211;SA;35;27;43;3;30;
20060211;SA;47;48;11;37;33;
20060208;ME;2;36;16;17;24;
20060208;ME;41;49;16;43;35;
20060204;SA;47;44;30;23;2;
20060204;SA;39;22;43;2;26;
20060201;ME;11;29;44;14;21;
20060201;ME;30;45;28;49;6;
20060128;SA;4;33;40;5;10;
20060128;SA;9;3;11;35;13;
20060125;ME;36;24;16;10;23;
20060125;ME;33;42;49;45;3;
20060121;SA;38;47;44;48;3;
20060121;SA;42;15;20;48;46;
20060118;ME;45;37;32;9;40;
20060118;ME;28;38;19;36;1;
20060114;SA;40;24;39;12;36;
20060114;SA;42;47;36;45;34;
20060111;ME;7;2;26;24;32;
20060111;ME;27;31;28;38;16;
20060107;SA;33;27;8;30;7;
20060107;SA;22;47;44;33;46;
20060104;ME;49;5;36;16;14;
20060104;ME;15;42;27;44;35;
20051231;SA;42;37;33;24;36;
20051231;SA;31;49;48;26;36;
20051228;ME;13;22;3;21;11;
20051228;ME;17;40;5;31;43;
20051224;SA;14;40;25;13;49;
20051224;SA;33;5;48;27;12;
20051221;ME;22;29;34;28;48;
20051221;ME;40;7;6;32;10;
20051217;SA;13;29;23;2;8;
20051217;SA;8;31;25;34;39;
20051214;ME;10;14;23;22;42;
20051214;ME;7;36;12;10;8;
20051210;SA;3;7;2;28;37;
20051210;SA;7;34;26;17;2;
20051207;ME;11;37;28;16;46;
20051207;ME;27;9;20;7;5;
20051203;SA;32;46;30;43;44;
20051203;SA;19;40;8;26;25;
20051130;ME;41;11;49;48;10;
20051130;ME;38;32;34;23;25;
20051126;SA;8;3;49;48;29;
20051126;SA;48;5;39;21;35;
20051123;ME;19;34;16;37;41;
20051123;ME;47;20;8;28;21;
20051119;SA;34;9;4;6;24;
20051119;SA;25;11;12;44;13;
20051116;ME;4;1;16;36;19;
20051116;ME;13;31;23;42;26;
20051112;SA;47;3;14;21;6;
20051112;SA;1;13;45;29;20;
20051109;ME;45;49;43;4;39;
20051109;ME;2;5;42;49;3;
20051105;SA;20;43;21;7;13;
20051105;SA;4;42;25;17;26;
20051102;ME;43;38;17;19;14;
20051102;ME;43;20;40;16;26;
20051029;SA;31;13;23;24;8;
20051029;SA;33;9;43;8;4;
20051026;ME;37;38;29;33;9;
20051026;ME;32;49;21;14;1;
20051022;SA;4;34;20;38;11;
20051022;SA;44;15;27;7;28;
20051019;ME;37;38;24;20;32;
20051019;ME;34;22;25;45;18;
20051015;SA;16;45;2;31;38;
20051015;SA;25;20;23;21;39;
20051012;ME;20;18;8;27;16;
20051012;ME;1;6;27;26;34;
20051008;SA;48;30;34;13;45;
20051008;SA;37;21;29;40;11;
20051005;ME;20;3;29;18;5;
20051005;ME;39;1;25;19;6;
20051001;SA;20;24;47;22;25;
20051001;SA;2;37;39;23;40;
20050928;ME;33;42;36;18;16;
20050928;ME;3;27;5;8;10;
20050924;SA;15;17;24;4;25;
20050924;SA;21;41;4;10;42;
20050921;ME;9;26;14;31;46;
20050921;ME;1;23;13;16;5;
20050917;SA;16;20;10;45;26;
20050917;SA;29;20;6;21;11;
20050914;ME;39;46;16;5;1;
20050914;ME;17;49;5;1;31;
20050910;SA;4;2;8;11;5;
20050910;SA;11;3;26;35;42;
20050907;ME;12;20;37;29;33;
20050907;ME;8;12;46;18;44;
20050903;SA;19;9;29;36;43;
20050903;SA;1;22;24;25;12;
20050831;ME;11;29;18;48;10;
20050831;ME;47;15;40;43;33;
20050827;SA;14;7;28;8;19;
20050827;SA;30;33;15;29;44;
20050824;ME;31;10;41;35;38;
20050824;ME;23;29;43;11;49;
20050820;SA;7;20;35;47;5;
20050820;SA;24;4;22;16;2;
20050817;ME;24;42;28;35;9;
20050817;ME;28;39;35;12;13;
20050813;SA;16;19;12;8;21;
20050813;SA;28;4;1;13;30;
20050810;ME;18;44;5;25;28;
20050810;ME;29;17;3;20;16;
20050806;SA;19;1;47;32;24;
20050806;SA;4;13;12;49;42;
20050803;ME;9;20;49;4;32;
20050803;ME;6;42;2;20;29;
20050730;SA;33;24;32;31;7;
20050730;SA;9;18;11;19;47;
20050727;ME;29;45;5;28;6;
20050727;ME;4;28;26;23;16;
20050723;SA;8;45;44;21;25;
20050723;SA;13;27;5;32;29;
20050720;ME;14;10;48;38;7;
20050720;ME;38;2;13;39;40;
20050716;SA;39;27;43;29;35;
20050716;SA;7;12;31;26;1;
20050713;ME;22;29;30;49;20;
20050713;ME;40;44;49;7;32;
20050709;SA;34;9;5;4;18;
20050709;SA;37;30;5;2;24;
20050706;ME;47;44;40;1;25;
20050706;ME;13;46;17;29;49;
20050702;SA;41;34;46;17;22;
20050702;SA;12;20;17;33;23;
20050629;ME;24;39;31;14;16;
20050629;ME;24;37;43;9;14;
20050625;SA;20;8;29;12;7;
20050625;SA;15;21;29;16;3;
20050622;ME;28;46;48;14;9;
20050622;ME;43;11;40;17;29;
20050618;SA;41;11;38;19;1;
20050618;SA;30;49;34;10;42;
20050615;ME;42;45;17;33;23;
20050615;ME;2;22;37;36;9;
20050611;SA;48;27;10;17;41;
20050611;SA;30;33;35;34;43;
20050608;ME;10;22;35;41;39;
20050608;ME;41;26;6;5;13;
20050604;SA;3;32;4;17;37;
20050604;SA;10;19;23;14;48;
20050601;ME;16;23;48;38;41;
20050601;ME;15;34;30;39;8;
20050528;SA;11;39;1;14;36;
20050528;SA;19;17;10;16;46;
20050525;ME;8;6;14;12;22;
20050525;ME;15;5;22;3;8;
20050521;SA;5;41;12;29;2;
20050521;SA;11;37;16;34;13;
20050518;ME;44;47;3;41;13;
20050518;ME;27;4;8;18;29;
20050514;SA;11;13;41;7;25;
20050514;SA;8;1;37;36;2;
20050511;ME;16;38;41;11;7;
20050511;ME;17;27;35;36;7;
20050507;SA;32;7;3;16;29;
20050507;SA;14;16;33;24;40;
20050504;ME;45;9;46;27;36;
20050504;ME;10;18;29;37;24;
20050430;SA;36;32;9;22;39;
20050430;SA;2;41;6;36;12;
20050427;ME;3;38;36;5;23;
20050427;ME;23;26;5;32;14;
20050423;SA;24;15;11;27;14;
20050423;SA;23;4;5;21;11;
20050420;ME;25;45;15;37;18;
20050420;ME;44;37;4;19;1;
20050416;SA;27;37;17;46;45;
20050416;SA;47;3;16;15;36;
20050413;ME;34;42;41;38;40;
20050413;ME;13;6;19;20;3;
20050409;SA;26;36;45;37;18;
20050409;SA;9;14;27;2;36;
20050406;ME;5;20;4;35;46;
20050406;ME;47;45;40;36;25;
20050402;SA;3;27;1;21;13;
20050402;SA;31;2;21;18;42;
20050330;ME;19;5;41;23;43;
20050330;ME;24;35;22;31;10;
20050326;SA;31;47;49;2;15;
20050326;SA;45;41;40;32;9;
20050323;ME;35;27;42;9;8;
20050323;ME;34;40;49;38;45;
20050319;SA;6;30;38;20;21;
20050319;SA;37;28;11;8;5;
20050316;ME;40;14;47;35;32;
20050316;ME;8;12;17;26;5;
20050312;SA;27;42;16;48;39;
20050312;SA;26;25;11;16;6;
20050309;ME;17;39;32;12;42;
20050309;ME;34;31;45;42;33;
20050305;SA;10;8;40;44;48;
20050305;SA;24;25;9;47;43;
20050302;ME;39;42;16;26;46;
20050302;ME;4;34;8;21;30;
20050226;SA;3;25;15;34;27;
20050226;SA;47;29;48;1;27;
20050223;ME;35;40;15;14;33;
20050223;ME;23;36;28;16;22;
20050219;SA;27;26;23;7;38;
20050219;SA;19;12;47;1;11;
20050216;ME;4;1;31;8;6;
20050216;ME;24;48;8;38;30;
20050212;SA;14;3;26;9;23;
20050212;SA;4;31;20;36;7;
20050209;ME;38;46;33;8;1;
20050209;ME;49;23;33;44;26;
20050205;SA;35;41;23;5;22;
20050205;SA;27;13;49;18;44;
20050202;ME;41;34;18;48;6;
20050202;ME;4;35;45;13;15;
20050129;SA;4;43;40;29;38;
20050129;SA;33;21;19;13;1;
20050126;ME;4;16;11;33;41;
20050126;ME;19;8;36;24;28;
20050122;SA;36;35;15;24;19;
20050122;SA;26;18;23;40;31;
20050119;ME;39;7;41;26;16;
20050119;ME;35;25;1;11;41;
20050115;SA;28;46;42;39;31;
20050115;SA;16;11;19;6;4;
20050112;ME;2;47;39;27;37;
20050112;ME;27;39;1;35;14;
20050108;SA;37;23;35;40;48;
20050108;SA;9;13;14;28;7;
20050105;ME;46;18;25;13;45;
20050105;ME;49;33;36;43;25;
20050101;SA;3;6;31;39;44;
20050101;SA;46;32;34;31;30;
20041229;ME;37;40;22;9;42;
20041229;ME;33;32;25;11;43;
20041225;SA;8;41;20;38;24;
20041225;SA;42;32;20;10;41;
20041222;ME;15;30;45;46;18;
20041222;ME;16;22;33;8;2;
20041218;SA;25;40;39;44;33;
20041218;SA;44;27;24;10;45;
20041215;ME;4;13;9;30;19;
20041215;ME;15;1;29;34;38;
20041211;SA;47;32;15;21;33;
20041211;SA;35;26;7;38;39;
20041208;ME;17;21;12;49;38;
20041208;ME;41;15;20;43;48;
20041204;SA;17;42;19;23;43;
20041204;SA;25;45;13;7;10;
20041201;ME;2;21;45;29;43;
20041201;ME;32;35;29;27;21;
20041127;SA;34;33;26;15;24;
20041127;SA;35;5;38;25;6;
20041124;ME;20;11;7;9;40;
20041124;ME;2;44;35;49;4;
20041120;SA;45;47;2;24;35;
20041120;SA;9;27;3;30;47;
20041117;ME;43;4;25;24;26;
20041117;ME;7;41;27;8;15;
20041113;SA;8;48;6;9;47;
20041113;SA;40;28;48;45;1;
20041110;ME;14;28;30;46;40;
20041110;ME;14;12;30;17;48;
20041106;SA;14;47;26;4;39;
20041106;SA;38;4;16;7;21;
20041103;ME;25;30;31;44;41;
20041103;ME;5;44;34;42;15;
20041030;SA;45;25;48;49;4;
20041030;SA;9;19;8;30;14;
20041027;ME;26;6;35;2;1;
20041027;ME;45;23;2;38;27;
20041023;SA;36;26;47;48;3;
20041023;SA;6;37;34;45;14;
20041020;ME;1;12;7;35;23;
20041020;ME;29;6;5;38;14;
20041016;SA;6;16;47;15;20;
20041016;SA;21;34;2;44;13;
20041013;ME;35;2;33;48;30;
20041013;ME;29;10;46;18;14;
20041009;SA;14;26;28;4;9;
20041009;SA;22;26;5;7;11;
20041006;ME;19;1;10;48;18;
20041006;ME;34;43;6;37;26;
20041002;SA;11;6;10;47;22;
20041002;SA;1;42;47;29;18;
20040929;ME;47;27;19;40;44;
20040929;ME;24;1;17;39;26;
20040925;SA;37;20;39;36;28;
20040925;SA;41;49;19;15;8;
20040922;ME;37;11;21;10;35;
20040922;ME;5;25;20;27;26;
20040918;SA;46;11;40;10;42;
20040918;SA;26;1;25;9;3;
20040915;ME;46;48;1;41;49;
20040915;ME;28;6;38;31;17;
20040911;SA;26;13;27;18;10;
20040911;SA;36;37;34;47;5;
20040908;ME;15;22;41;10;11;
20040908;ME;39;15;47;38;37;
20040904;SA;37;3;24;38;19;
20040904;SA;22;48;14;7;9;
20040901;ME;20;32;28;4;3;
20040901;ME;34;36;47;14;9;
20040828;SA;2;3;1;39;41;
20040828;SA;20;23;4;14;25;
20040825;ME;30;15;25;46;35;
20040825;ME;37;25;16;3;14;
20040821;SA;39;23;24;29;45;
20040821;SA;13;31;14;39;16;
20040818;ME;30;22;6;34;40;
20040818;ME;31;41;46;35;25;
20040814;SA;30;31;36;2;9;
20040814;SA;8;49;45;10;25;
20040811;ME;19;35;29;16;25;
20040811;ME;35;6;5;10;30;
20040807;SA;21;22;43;37;19;
20040807;SA;30;43;39;26;24;
20040804;ME;42;35;1;7;49;
20040804;ME;26;22;43;1;49;
20040731;SA;38;42;2;12;37;
20040731;SA;19;3;37;47;34;
20040728;ME;32;9;22;14;24;
20040728;ME;35;23;45;40;2;
20040724;SA;34;1;11;4;10;
20040724;SA;22;31;6;1;20;
20040721;ME;17;46;19;40;35;
20040721;ME;34;19;29;36;45;
20040717;SA;32;11;47;35;36;
20040717;SA;26;11;18;13;31;
20040714;ME;10;29;32;25;26;
20040714;ME;14;34;5;12;29;
20040710;SA;44;33;15;5;27;
20040710;SA;29;6;33;36;12;
20040707;ME;29;38;10;12;45;
20040707;ME;46;8;6;32;36;
20040703;SA;2;45;44;9;15;
20040703;SA;33;43;30;45;12;
20040630;ME;1;16;38;42;29;
20040630;ME;4;44;47;22;20;
20040626;SA;37;38;33;7;27;
20040626;SA;1;46;22;9;39;
20040623;ME;5;40;2;3;7;
20040623;ME;13;9;10;4;15;
20040619;SA;20;21;40;28;19;
20040619;SA;41;27;44;46;12;
20040616;ME;43;31;6;15;11;
20040616;ME;16;41;21;34;13;
20040612;SA;21;39;19;10;17;
20040612;SA;4;6;43;46;45;
20040609;ME;3;21;35;41;43;
20040609;ME;31;18;23;32;9;
20040605;SA;46;41;38;47;43;
20040605;SA;43;24;20;35;38;
20040602;ME;7;47;14;45;8;
20040602;ME;41;34;8;7;42;
20040529;SA;23;9;44;17;5;
20040529;SA;10;20;43;26;46;
20040526;ME;38;14;2;34;22;
20040526;ME;36;13;8;15;34;
20040522;SA;26;39;7;19;8;
20040522;SA;9;23;20;11;27;
20040519;ME;48;35;42;14;36;
20040519;ME;47;2;43;12;22;
20040515;SA;17;30;27;14;16;
20040515;SA;21;29;25;20;39;
20040512;ME;26;16;24;31;38;
20040512;ME;5;27;30;45;44;
20040508;SA;18;12;23;36;44;
20040508;SA;13;16;31;25;4;
20040505;ME;3;47;43;23;14;
20040505;ME;34;32;15;22;31;
20040501;SA;40;25;46;30;39;
20040501;SA;17;18;11;16;48;
20040428;ME;1;45;36;21;48;
20040428;ME;31;14;43;25;6;
20040424;SA;9;24;16;43;30;
20040424;SA;47;44;24;29;45;
20040421;ME;4;36;42;28;41;
20040421;ME;25;6;39;45;15;
20040417;SA;43;5;20;47;34;
20040417;SA;32;3;43;20;21;
20040414;ME;21;34;29;38;13;
20040414;ME;38;43;4;44;35;
20040410;SA;14;30;48;31;13;
20040410;SA;38;20;27;48;29;
20040407;ME;36;29;21;2;24;
20040407;ME;11;32;25;33;1;
20040403;SA;26;13;22;21;36;
20040403;SA;15;31;33;5;14;
20040331;ME;7;26;29;48;16;
20040331;ME;40;13;19;45;46;
20040327;SA;4;28;30;42;43;
20040327;SA;12;44;2;37;45;
20040324;ME;27;33;43;12;5;
20040324;ME;3;44;14;38;34;
20040320;SA;5;25;15;44;38;
20040320;SA;37;20;38;36;30;
20040317;ME;28;3;49;19;48;
20040317;ME;30;37;31;6;38;
20040313;SA;49;38;14;29;5;
20040313;SA;46;26;30;34;37;
20040310;ME;19;21;37;36;3;
20040310;ME;8;22;6;26;42;
20040306;SA;38;8;35;46;18;
20040306;SA;16;44;24;39;25;
20040303;ME;34;36;44;10;18;
20040303;ME;33;27;44;45;47;
20040228;SA;7;32;43;38;21;
20040228;SA;23;18;47;39;33;
20040225;ME;21;14;37;18;43;
20040225;ME;28;13;18;19;41;
20040221;SA;25;44;7;9;37;
20040221;SA;20;3;18;24;28;
20040218;ME;35;49;17;1;37;
20040218;ME;12;5;35;43;23;
20040214;SA;44;9;5;2;10;
20040214;SA;11;30;12;32;44;
20040211;ME;47;32;48;36;44;
20040211;ME;23;47;10;45;24;
20040207;SA;34;1;29;40;22;
20040207;SA;8;2;27;48;15;
20040204;ME;45;13;8;33;7;
20040204;ME;13;40;17;32;21;
20040131;SA;12;43;20;10;26;
20040131;SA;33;25;20;39;13;
20040128;ME;39;47;16;27;44;
20040128;ME;21;43;4;3;31;
20040124;SA;12;18;46;8;28;
20040124;SA;5;8;2;42;40;
20040121;ME;28;21;19;25;15;
20040121;ME;8;19;28;21;36;
20040117;SA;29;44;32;36;31;
20040117;SA;43;45;20;29;15;
20040114;ME;18;6;40;48;12;
20040114;ME;33;38;11;14;32;
20040110;SA;38;12;26;32;6;
20040110;SA;23;32;18;21;15;
20040107;ME;42;21;8;20;45;
20040107;ME;28;3;13;4;47;
20040103;SA;13;17;3;49;43;
20040103;SA;16;38;3;43;18;
20031231;ME;5;34;16;47;30;
20031231;ME;26;11;24;32;46;
20031227;SA;43;9;36;2;22;
20031227;SA;17;11;33;32;37;
20031224;ME;30;27;38;19;13;
20031224;ME;35;19;40;37;34;
20031220;SA;48;19;21;40;49;
20031220;SA;26;48;14;39;28;
20031217;ME;49;39;23;22;9;
20031217;ME;32;18;4;19;31;
20031213;SA;23;12;22;46;16;
20031213;SA;29;28;26;38;47;
20031210;ME;2;19;5;32;11;
20031210;ME;17;25;5;41;48;
20031206;SA;46;9;10;31;32;
20031206;SA;40;16;20;6;30;
20031203;ME;30;16;19;39;34;
20031203;ME;33;32;37;9;1;
20031129;SA;39;21;43;25;40;
20031129;SA;34;15;47;3;46;
20031126;ME;26;39;13;7;28;
20031126;ME;8;47;22;14;33;
20031122;SA;15;40;26;32;29;
20031122;SA;13;9;20;28;10;
20031119;ME;41;24;34;6;8;
20031119;ME;38;33;5;16;28;
20031115;SA;8;48;6;14;13;
20031115;SA;27;17;10;18;32;
20031112;ME;31;40;29;21;30;
20031112;ME;27;4;46;14;6;
20031108;SA;19;33;48;28;49;
20031108;SA;20;23;31;22;35;
20031105;ME;48;49;17;27;28;
20031105;ME;49;48;33;47;12;
20031101;SA;7;9;40;36;24;
20031101;SA;26;38;28;20;27;
20031029;ME;7;17;34;19;27;
20031029;ME;14;7;31;10;4;
20031025;SA;28;11;43;4;3;
20031025;SA;10;34;12;27;28;
20031022;ME;6;43;27;15;22;
20031022;ME;17;7;34;9;8;
20031018;SA;8;39;41;27;33;
20031018;SA;6;13;40;30;11;
20031015;ME;12;2;31;17;48;
20031015;ME;18;7;44;49;25;
20031011;SA;38;17;35;10;48;
20031011;SA;32;27;14;2;25;
20031008;ME;18;42;23;7;14;
20031008;ME;6;34;2;12;4;
20031004;SA;7;48;40;44;45;
20031004;SA;31;32;10;38;6;
20031001;ME;40;5;17;43;29;
20031001;ME;49;23;1;7;17;
20030927;SA;33;34;5;25;6;
20030927;SA;12;40;8;29;49;
20030924;ME;10;33;18;19;13;
20030924;ME;11;36;33;6;17;
20030920;SA;5;46;26;33;35;
20030920;SA;25;1;48;20;12;
20030917;ME;8;48;3;29;23;
20030917;ME;15;13;7;20;21;
20030913;SA;22;11;42;19;43;
20030913;SA;38;41;26;33;43;
20030910;ME;44;49;27;13;23;
20030910;ME;37;31;15;24;44;
20030906;SA;37;44;27;9;10;
20030906;SA;2;1;20;49;47;
20030903;ME;23;24;26;41;40;
20030903;ME;15;42;13;17;16;
20030830;SA;39;24;44;17;11;
20030830;SA;25;2;32;18;11;
20030827;ME;10;31;7;38;28;
20030827;ME;3;42;33;31;26;
20030823;SA;49;12;17;10;26;
20030823;SA;32;11;43;25;9;
20030820;ME;38;1;34;5;10;
20030820;ME;34;8;4;44;23;
20030816;SA;5;46;37;27;33;
20030816;SA;7;38;10;20;11;
20030813;ME;32;23;7;29;10;
20030813;ME;12;37;45;28;1;
20030809;SA;8;40;10;34;24;
20030809;SA;39;3;19;30;21;
20030806;ME;3;26;35;34;1;
20030806;ME;31;16;28;36;29;
20030802;SA;12;24;38;18;2;
20030802;SA;3;20;9;19;17;
20030730;ME;10;15;20;1;7;
20030730;ME;18;1;14;42;4;
20030726;SA;35;33;38;25;47;
20030726;SA;41;5;35;42;16;
20030723;ME;33;11;41;15;14;
20030723;ME;6;46;5;38;9;
20030719;SA;37;35;39;44;10;
20030719;SA;8;13;4;10;20;
20030716;ME;10;3;26;23;27;
20030716;ME;21;13;22;34;5;
20030712;SA;10;20;1;24;23;
20030712;SA;18;35;46;44;36;
20030709;ME;18;4;30;17;21;
20030709;ME;6;36;5;13;41;
20030705;SA;21;8;47;13;16;
20030705;SA;31;48;35;43;49;
20030702;ME;34;10;36;35;18;
20030702;ME;41;39;40;11;22;
20030628;SA;7;24;12;25;15;
20030628;SA;47;46;34;11;12;
20030625;ME;48;34;45;42;7;
20030625;ME;25;27;33;13;42;
20030621;SA;46;26;36;31;29;
20030621;SA;14;26;47;15;33;
20030618;ME;15;46;28;33;23;
20030618;ME;27;29;19;42;32;
20030614;SA;2;46;28;49;35;
20030614;SA;48;44;3;18;4;
20030611;ME;38;18;28;14;10;
20030611;ME;20;9;16;19;22;
20030607;SA;23;16;12;6;37;
20030607;SA;13;25;12;40;22;
20030604;ME;3;30;18;34;38;
20030604;ME;34;30;45;43;24;
20030531;SA;17;39;22;41;9;
20030531;SA;27;9;30;24;12;
20030528;ME;4;15;19;35;3;
20030528;ME;38;43;32;49;2;
20030524;SA;37;23;42;47;10;
20030524;SA;20;22;41;6;13;
20030521;ME;24;8;45;17;27;
20030521;ME;31;4;6;46;32;
20030517;SA;42;27;39;47;11;
20030517;SA;28;37;42;17;46;
20030514;ME;41;47;10;2;48;
20030514;ME;46;9;44;14;24;
20030510;SA;44;30;1;12;10;
20030510;SA;44;29;34;37;40;
20030507;ME;40;49;34;9;23;
20030507;ME;36;7;17;43;47;
20030503;SA;15;25;3;7;40;
20030503;SA;6;10;20;17;30;
20030430;ME;9;5;47;6;16;
20030430;ME;38;1;6;4;49;
20030426;SA;38;24;48;14;13;
20030426;SA;44;45;49;29;20;
20030423;ME;40;30;34;29;26;
20030423;ME;45;5;24;35;42;
20030419;SA;1;9;23;5;31;
20030419;SA;21;4;41;26;49;
20030416;ME;42;15;49;6;4;
20030416;ME;44;2;12;14;16;
20030412;SA;34;17;13;41;40;
20030412;SA;13;35;6;42;37;
20030409;ME;41;15;37;24;46;
20030409;ME;24;48;45;7;13;
20030405;SA;18;37;25;47;17;
20030405;SA;9;32;4;6;12;
20030402;ME;27;24;19;41;5;
20030402;ME;37;13;47;26;44;
20030329;SA;45;27;32;48;33;
20030329;SA;39;36;18;14;37;
20030326;ME;15;10;5;29;48;
20030326;ME;29;2;23;22;42;
20030322;SA;7;8;34;41;19;
20030322;SA;42;33;9;37;27;
20030319;ME;48;23;34;2;21;
20030319;ME;40;49;36;44;2;
20030315;SA;46;6;14;4;31;
20030315;SA;26;16;21;49;46;
20030312;ME;35;21;42;36;3;
20030312;ME;11;26;32;4;47;
20030308;SA;9;14;11;17;30;
20030308;SA;6;44;49;46;30;
20030305;ME;21;12;17;37;27;
20030305;ME;33;27;9;21;49;
20030301;SA;11;47;13;40;45;
20030301;SA;1;8;44;39;33;
20030226;ME;42;6;19;34;16;
20030226;ME;23;40;13;7;22;
20030222;SA;27;18;11;6;2;
20030222;SA;27;36;9;46;44;
20030219;ME;1;35;32;8;33;
20030219;ME;16;40;31;20;35;
20030215;SA;12;48;22;18;19;
20030215;SA;49;26;31;28;11;
20030212;ME;1;2;39;24;20;
20030212;ME;41;12;31;28;16;
20030208;SA;45;39;34;28;48;
20030208;SA;31;36;12;26;18;
20030205;ME;26;30;27;35;47;
20030205;ME;38;20;10;19;49;
20030201;SA;15;46;42;34;8;
20030201;SA;43;17;45;14;38;
20030129;ME;19;32;40;30;35;
20030129;ME;37;48;34;40;3;
20030125;SA;38;8;42;47;1;
20030125;SA;20;25;46;34;17;
20030122;ME;45;26;29;49;1;
20030122;ME;28;15;27;26;46;
20030118;SA;49;14;29;4;15;
20030118;SA;49;37;20;44;5;
20030115;ME;10;36;37;3;15;
20030115;ME;16;12;1;5;28;
20030111;SA;22;13;39;35;6;
20030111;SA;43;6;35;27;48;
20030108;ME;11;32;16;42;49;
20030108;ME;34;12;24;33;28;
20030104;SA;26;46;47;39;40;
20030104;SA;17;37;18;42;36;
20030101;ME;5;18;43;17;10;
20030101;ME;42;20;9;23;17;
20021228;SA;13;29;1;31;37;
20021228;SA;45;12;17;46;16;
20021225;ME;42;37;19;15;28;
20021225;ME;13;48;45;2;40;
20021221;SA;15;23;21;1;13;
20021221;SA;32;20;9;12;46;
20021218;ME;24;49;6;9;38;
20021218;ME;40;1;49;37;43;
20021214;SA;24;15;11;28;6;
20021214;SA;11;23;43;31;26;
20021211;ME;20;31;30;9;4;
20021211;ME;4;18;11;46;24;
20021207;SA;25;19;18;24;48;
20021207;SA;22;16;1;2;8;
20021204;ME;25;20;12;26;14;
20021204;ME;32;14;23;22;2;
20021130;SA;7;30;28;41;15;
20021130;SA;45;40;7;2;17;
20021127;ME;5;22;38;1;29;
20021127;ME;42;24;9;20;17;
20021123;SA;14;11;43;40;32;
20021123;SA;14;18;46;35;33;
20021120;ME;16;41;40;22;13;
20021120;ME;20;13;22;19;37;
20021116;SA;26;27;20;8;18;
20021116;SA;49;43;9;28;6;
20021113;ME;40;33;12;27;5;
20021113;ME;30;44;12;29;33;
20021109;SA;16;14;7;25;21;
20021109;SA;28;26;4;14;49;
20021106;ME;46;45;44;3;10;
20021106;ME;30;28;29;31;10;
20021102;SA;15;24;44;16;45;
20021102;SA;39;49;29;9;12;
20021030;ME;6;42;20;27;1;
20021030;ME;28;47;22;11;26;
20021026;SA;47;24;9;19;36;
20021026;SA;31;46;20;16;7;
20021023;ME;17;20;36;6;42;
20021023;ME;22;4;13;5;20;
20021019;SA;8;3;17;7;18;
20021019;SA;48;21;49;3;14;
20021016;ME;33;39;36;14;44;
20021016;ME;9;39;43;4;21;
20021012;SA;29;15;20;23;39;
20021012;SA;43;42;47;15;31;
20021009;ME;39;38;33;8;42;
20021009;ME;38;16;8;29;24;
20021005;SA;48;19;41;34;14;
20021005;SA;29;42;36;12;47;
20021002;ME;16;39;21;41;24;
20021002;ME;34;31;49;27;24;
20020928;SA;49;19;20;31;9;
20020928;SA;6;49;36;13;8;
20020925;ME;36;5;26;20;4;
20020925;ME;10;5;19;6;24;
20020921;SA;48;21;25;1;15;
20020921;SA;9;15;45;37;17;
20020918;ME;14;22;49;15;12;
20020918;ME;21;42;38;17;7;
20020914;SA;4;19;12;23;37;
20020914;SA;3;2;33;49;32;
20020911;ME;38;7;47;43;41;
20020911;ME;45;37;32;29;15;
20020907;SA;11;20;44;43;22;
20020907;SA;4;36;28;20;42;
20020904;ME;26;8;36;40;5;
20020904;ME;7;22;45;16;13;
20020831;SA;45;12;14;32;46;
20020831;SA;21;28;45;16;34;
20020828;ME;34;27;30;11;5;
20020828;ME;8;14;2;1;12;
20020824;SA;1;8;28;34;45;
20020824;SA;46;2;26;37;16;
20020821;ME;23;24;39;47;9;
20020821;ME;19;46;1;8;29;
20020817;SA;15;26;28;32;30;
20020817;SA;42;35;30;2;36;
20020814;ME;7;47;48;26;9;
20020814;ME;6;24;35;11;13;
20020810;SA;13;34;11;49;45;
20020810;SA;6;47;30;10;41;
20020807;ME;43;32;29;7;19;
20020807;ME;7;22;20;13;49;
20020803;SA;21;18;40;31;45;
20020803;SA;45;1;25;30;48;
20020731;ME;38;45;31;42;21;
20020731;ME;17;6;39;11;16;
20020727;SA;42;45;47;9;18;
20020727;SA;29;33;19;46;44;
20020724;ME;19;33;6;18;16;
20020724;ME;24;7;49;19;21;
20020720;SA;9;13;47;38;16;
20020720;SA;12;48;20;25;10;
20020717;ME;12;7;23;25;32;
20020717;ME;7;3;28;22;44;
20020713;SA;13;46;29;43;45;
20020713;SA;25;4;41;2;22;
20020710;ME;2;34;16;40;8;
20020710;ME;7;38;8;11;26;
20020706;SA;10;29;22;2;35;
20020706;SA;15;9;17;34;27;
20020703;ME;40;22;32;13;19;
20020703;ME;33;31;19;9;1;
20020629;SA;25;2;44;12;13;
20020629;SA;34;38;39;45;9;
20020626;ME;38;25;12;20;43;
20020626;ME;3;9;37;19;10;
20020622;SA;25;2;10;26;23;
20020622;SA;37;13;7;31;35;
20020619;ME;14;36;13;27;17;
20020619;ME;32;34;2;7;29;
20020615;SA;40;42;45;33;28;
20020615;SA;21;30;34;2;42;
20020612;ME;35;21;37;27;43;
20020612;ME;29;36;1;2;35;
20020608;SA;35;13;26;11;5;
20020608;SA;34;42;49;1;19;
20020605;ME;34;12;20;8;13;
20020605;ME;32;12;8;34;28;
20020601;SA;46;5;40;1;47;
20020601;SA;38;1;28;8;19;
20020529;ME;5;10;8;9;11;
20020529;ME;21;5;39;32;38;
20020525;SA;38;31;5;4;20;
20020525;SA;6;8;32;27;29;
20020522;ME;39;31;9;36;22;
20020522;ME;34;19;42;49;46;
20020518;SA;25;34;1;46;6;
20020518;SA;11;48;30;13;31;
20020515;ME;47;36;45;22;39;
20020515;ME;32;18;39;22;30;
20020511;SA;14;22;35;46;23;
20020511;SA;23;38;44;48;47;
20020508;ME;8;42;44;32;22;
20020508;ME;35;10;31;23;6;
20020504;SA;39;31;15;5;34;
20020504;SA;22;13;38;7;46;
20020501;ME;11;39;4;34;16;
20020501;ME;12;38;17;16;18;
20020427;SA;12;29;2;16;4;
20020427;SA;12;44;24;37;20;
20020424;ME;44;13;32;16;49;
20020424;ME;36;25;10;26;41;
20020420;SA;33;3;20;41;11;
20020420;SA;46;34;11;20;16;
20020417;ME;15;27;6;33;26;
20020417;ME;15;31;11;7;27;
20020413;SA;34;15;8;18;22;
20020413;SA;12;24;30;1;38;
20020410;ME;27;9;36;22;46;
20020410;ME;4;13;12;47;35;
20020406;SA;15;10;2;8;13;
20020406;SA;16;25;19;9;4;
20020403;ME;36;24;33;38;15;
20020403;ME;15;38;29;18;43;
20020330;SA;10;2;1;4;9;
20020330;SA;48;25;40;13;24;
20020327;ME;23;32;19;16;26;
20020327;ME;47;35;21;30;49;
20020323;SA;10;8;42;3;46;
20020323;SA;2;47;39;13;36;
20020320;ME;43;48;38;14;49;
20020320;ME;14;17;27;16;37;
20020316;SA;31;33;26;40;3;
20020316;SA;12;34;39;17;40;
20020313;ME;39;18;42;11;8;
20020313;ME;26;21;45;25;6;
20020309;SA;8;21;25;48;34;
20020309;SA;22;30;38;15;25;
20020306;ME;34;49;9;17;22;
20020306;ME;16;3;1;33;10;
20020302;SA;32;29;49;23;45;
20020302;SA;10;39;1;37;40;
20020227;ME;18;4;37;42;46;
20020227;ME;43;29;45;6;32;
20020223;SA;39;20;11;23;3;
20020223;SA;3;49;17;43;11;
20020220;ME;16;2;24;4;45;
20020220;ME;6;46;4;19;8;
20020216;SA;35;47;31;42;4;
20020216;SA;47;21;23;7;37;
20020213;ME;2;39;23;38;17;
20020213;ME;44;12;37;31;24;
20020209;SA;9;7;3;31;4;
20020209;SA;41;4;46;31;32;
20020206;ME;2;45;12;43;38;
20020206;ME;33;18;14;10;7;
20020202;SA;47;19;4;10;30;
20020202;SA;48;14;5;45;6;
20020130;ME;14;10;26;21;19;
20020130;ME;25;5;46;22;21;
20020126;SA;18;24;7;41;27;
20020126;SA;23;40;33;10;14;
20020123;ME;34;44;4;43;45;
20020123;ME;5;32;19;45;34;
20020119;SA;29;1;27;45;17;
20020119;SA;46;3;17;44;25;
20020116;ME;35;26;18;14;17;
20020116;ME;13;26;48;41;30;
20020112;SA;20;29;31;48;17;
20020112;SA;42;12;3;45;26;
20020109;ME;21;10;44;7;5;
20020109;ME;8;12;48;19;2;
20020105;SA;3;19;27;16;24;
20020105;SA;9;34;13;25;7;
20020102;ME;9;16;34;17;36;
20020102;ME;5;39;7;28;18;
20011229;SA;17;40;28;37;44;
20011229;SA;37;24;44;35;46;
20011226;ME;40;1;36;41;28;
20011226;ME;8;7;37;34;44;
20011222;SA;31;36;38;22;2;
20011222;SA;13;21;36;23;16;
20011219;ME;49;20;35;16;47;
20011219;ME;48;1;5;9;24;
20011215;SA;16;14;11;40;27;
20011215;SA;26;21;45;24;2;
20011212;ME;5;35;44;17;37;
20011212;ME;28;2;19;43;41;
20011208;SA;42;17;34;14;48;
20011208;SA;45;9;41;6;39;
20011205;ME;35;36;19;28;7;
20011205;ME;8;37;49;29;24;
20011201;SA;19;1;25;20;22;
20011201;SA;38;39;26;41;45;
20011128;ME;36;25;31;29;32;
20011128;ME;23;21;7;11;31;
20011124;SA;24;16;27;1;37;
20011124;SA;41;27;9;8;32;
20011121;ME;33;47;16;42;37;
20011121;ME;35;4;5;49;3;
20011117;SA;28;36;31;34;7;
20011117;SA;4;6;10;39;31;
20011114;ME;6;44;9;45;37;
20011114;ME;5;45;34;31;28;
20011110;SA;1;27;18;26;16;
20011110;SA;34;41;11;44;5;
20011107;ME;19;32;40;20;37;
20011107;ME;31;24;22;46;35;
20011103;SA;8;25;36;12;22;
20011103;SA;5;10;9;30;42;
20011031;ME;11;28;32;40;38;
20011031;ME;45;9;25;29;47;
20011027;SA;6;2;27;46;10;
20011027;SA;37;32;28;6;26;
20011024;ME;34;1;45;39;35;
20011024;ME;15;35;6;4;11;
20011020;SA;35;24;3;38;23;
20011020;SA;44;36;30;24;23;
20011017;ME;8;17;26;35;44;
20011017;ME;43;12;4;9;18;
20011013;SA;37;2;36;28;33;
20011013;SA;1;30;21;12;20;
20011010;ME;17;38;1;48;23;
20011010;ME;19;14;26;16;22;
20011006;SA;6;20;27;39;4;
20011006;SA;41;38;36;30;27;
20011003;ME;5;49;12;22;10;
20011003;ME;44;32;33;42;43;
20010929;SA;48;14;23;38;39;
20010929;SA;27;49;22;3;18;
20010926;ME;1;26;10;41;30;
20010926;ME;39;19;45;30;35;
20010922;SA;39;16;17;37;27;
20010922;SA;38;40;24;35;48;
20010919;ME;37;10;31;13;32;
20010919;ME;12;6;35;42;34;
20010915;SA;46;37;47;22;6;
20010915;SA;22;30;48;13;20;
20010912;ME;46;47;15;30;43;
20010912;ME;34;35;13;23;12;
20010908;SA;45;49;44;9;16;
20010908;SA;15;25;2;48;38;
20010905;ME;15;7;31;11;27;
20010905;ME;48;39;19;47;23;
20010901;SA;2;43;20;27;3;
20010901;SA;32;31;16;36;30;
20010829;ME;31;48;23;15;37;
20010829;ME;30;35;27;39;8;
20010825;SA;36;34;7;29;31;
20010825;SA;25;36;4;1;47;
20010822;ME;18;19;36;13;6;
20010822;ME;15;9;24;25;36;
20010818;SA;21;19;24;27;2;
20010818;SA;46;6;25;32;7;
20010815;ME;32;3;49;22;29;
20010815;ME;34;39;37;36;19;
20010811;SA;27;34;10;37;45;
20010811;SA;6;43;45;41;10;
20010808;ME;18;6;27;38;49;
20010808;ME;15;7;13;20;24;
20010804;SA;46;23;1;36;15;
20010804;SA;30;10;32;49;42;
20010801;ME;4;6;19;13;30;
20010801;ME;23;40;20;9;19;
20010728;SA;10;20;39;2;5;
20010728;SA;35;15;23;6;20;
20010725;ME;7;44;2;17;15;
20010725;ME;14;2;6;37;1;
20010721;SA;37;3;43;47;23;
20010721;SA;9;10;41;29;3;
20010718;ME;40;48;17;29;23;
20010718;ME;25;9;21;13;29;
20010714;SA;39;31;41;36;22;
20010714;SA;40;41;16;44;3;
20010711;ME;29;49;23;16;22;
20010711;ME;49;12;17;47;46;
20010707;SA;46;21;44;6;38;
20010707;SA;34;39;9;27;35;
20010704;ME;19;36;4;5;23;
20010704;ME;44;4;26;3;9;
20010630;SA;16;49;25;20;14;
20010630;SA;30;27;23;11;35;
20010627;ME;38;37;45;21;31;
20010627;ME;14;43;49;12;5;
20010623;SA;32;27;9;4;22;
20010623;SA;4;11;12;10;41;
20010620;ME;27;16;30;36;10;
20010620;ME;36;3;1;23;8;
20010616;SA;4;18;20;15;47;
20010616;SA;46;16;23;27;14;
20010613;ME;26;31;27;29;43;
20010613;ME;20;32;1;22;35;
20010609;SA;5;30;33;21;3;
20010609;SA;11;49;48;15;6;
20010606;ME;11;39;2;48;3;
20010606;ME;18;36;46;28;5;
20010602;SA;30;32;10;41;8;
20010602;SA;4;18;30;19;45;
20010530;ME;14;33;21;3;8;
20010530;ME;19;17;32;28;23;
20010526;SA;34;21;35;5;47;
20010526;SA;11;41;45;8;37;
20010523;ME;5;49;44;9;13;
20010523;ME;6;25;16;21;38;
20010519;SA;8;40;16;46;23;
20010519;SA;23;11;36;32;42;
20010516;ME;31;39;42;30;4;
20010516;ME;23;2;27;18;48;
20010512;SA;38;43;12;37;22;
20010512;SA;21;27;1;8;33;
20010509;ME;12;48;18;23;42;
20010509;ME;34;38;10;2;24;
20010505;SA;36;2;12;17;7;
20010505;SA;29;49;33;28;10;
20010502;ME;30;41;49;23;24;
20010502;ME;4;7;18;15;44;
20010428;SA;34;39;30;8;42;
20010428;SA;9;14;30;20;26;
20010425;ME;6;49;10;46;33;
20010425;ME;48;41;49;43;42;
20010421;SA;31;43;26;15;6;
20010421;SA;33;27;13;30;14;
20010418;ME;20;29;27;48;10;
20010418;ME;12;20;24;29;48;
20010414;SA;39;10;43;47;2;
20010414;SA;19;17;20;2;26;
20010411;ME;35;9;29;40;38;
20010411;ME;45;48;41;29;32;
20010407;SA;11;42;15;34;13;
20010407;SA;35;2;24;27;5;
20010404;ME;16;2;43;42;9;
20010404;ME;40;33;47;23;16;
20010331;SA;18;8;17;41;21;
20010331;SA;20;33;42;44;1;
20010328;ME;14;30;20;46;31;
20010328;ME;31;8;24;45;36;
20010324;SA;32;12;7;10;34;
20010324;SA;49;35;48;9;44;
20010321;ME;3;13;16;46;23;
20010321;ME;20;3;42;23;2;
20010317;SA;39;22;29;3;33;
20010317;SA;28;47;16;49;29;
20010314;ME;31;29;4;15;47;
20010314;ME;40;34;36;6;42;
20010310;SA;32;14;27;22;12;
20010310;SA;2;37;46;42;27;
20010307;ME;26;28;42;9;40;
20010307;ME;11;1;6;27;14;
20010303;SA;35;26;46;24;22;
20010303;SA;25;34;36;1;4;
20010228;ME;1;25;11;24;41;
20010228;ME;21;15;12;36;41;
20010224;SA;49;18;23;31;14;
20010224;SA;16;35;28;25;18;
20010221;ME;39;11;12;10;5;
20010221;ME;6;46;32;20;8;
20010217;SA;28;11;40;18;48;
20010217;SA;28;35;46;1;22;
20010214;ME;46;23;38;48;19;
20010214;ME;4;27;23;3;48;
20010210;SA;23;42;20;46;11;
20010210;SA;43;14;26;7;17;
20010207;ME;32;16;9;10;34;
20010207;ME;33;45;48;40;36;
20010203;SA;15;11;38;9;49;
20010203;SA;43;19;15;32;1;
20010131;ME;29;33;43;27;44;
20010131;ME;47;1;39;37;5;
20010127;SA;10;2;18;48;42;
20010127;SA;11;32;46;28;1;
20010124;ME;20;33;46;17;1;
20010124;ME;49;36;25;18;44;
20010120;SA;12;32;16;14;45;
20010120;SA;11;40;6;39;30;
20010117;ME;32;43;49;15;36;
20010117;ME;18;21;27;1;37;
20010113;SA;3;46;45;28;18;
20010113;SA;22;23;42;43;28;
20010110;ME;22;25;19;11;20;
20010110;ME;27;2;48;47;35;
20010106;SA;45;29;19;26;9;
20010106;SA;45;19;34;26;16;
20010103;ME;30;35;1;44;49;
20010103;ME;35;23;43;37;17;
20001230;SA;1;13;6;33;22;
20001230;SA;18;22;29;49;21;
20001227;ME;31;26;10;15;37;
20001227;ME;3;31;13;39;44;
20001223;SA;35;15;47;49;9;
20001223;SA;30;19;39;31;8;
20001220;ME;36;28;21;24;7;
20001220;ME;1;35;41;40;9;
20001216;SA;35;41;32;11;33;
20001216;SA;41;34;20;8;48;
20001213;ME;7;34;27;47;2;
20001213;ME;21;24;29;4;44;
20001209;SA;38;32;18;42;35;
20001209;SA;21;18;19;49;44;
20001206;ME;13;2;21;22;18;
20001206;ME;22;23;1;31;4;
20001202;SA;15;11;34;23;33;
20001202;SA;9;48;1;15;44;
20001129;ME;3;17;15;30;10;
20001129;ME;1;31;46;2;14;
20001125;SA;3;31;27;23;49;
20001125;SA;46;2;5;15;16;
20001122;ME;22;45;14;46;32;
20001122;ME;45;11;25;31;14;
20001118;SA;35;25;39;46;38;
20001118;SA;36;9;17;16;25;
20001115;ME;10;31;12;8;48;
20001115;ME;7;2;46;34;3;
20001111;SA;27;20;22;2;47;
20001111;SA;16;44;31;38;14;
20001108;ME;43;28;20;30;26;
20001108;ME;27;1;3;23;33;
20001104;SA;41;16;22;8;24;
20001104;SA;37;23;1;30;34;
20001101;ME;15;16;10;23;30;
20001101;ME;17;32;24;48;26;
20001028;SA;6;23;7;28;24;
20001028;SA;3;31;34;4;26;
20001025;ME;20;29;34;36;16;
20001025;ME;17;33;5;46;8;
20001021;SA;29;21;45;20;13;
20001021;SA;43;28;37;19;42;
20001018;ME;45;41;34;19;8;
20001018;ME;18;38;19;22;23;
20001014;SA;42;36;13;30;5;
20001014;SA;29;27;17;11;18;
20001011;ME;24;48;44;12;39;
20001011;ME;9;42;40;31;44;
20001007;SA;45;33;24;17;10;
20001007;SA;18;46;48;32;30;
20001004;ME;44;30;47;9;11;
20001004;ME;43;8;13;16;1;
20000930;SA;37;16;24;32;13;
20000930;SA;16;12;14;4;5;
20000927;ME;2;38;22;46;33;
20000927;ME;12;19;23;15;37;
20000923;SA;24;34;35;27;42;
20000923;SA;28;9;13;18;42;
20000920;ME;35;40;4;33;29;
20000920;ME;13;45;32;46;8;
20000916;SA;48;9;7;35;23;
20000916;SA;39;23;48;2;9;
20000913;ME;10;26;31;34;41;
20000913;ME;34;31;20;22;14;
20000909;SA;14;49;17;16;48;
20000909;SA;5;24;19;18;45;
20000906;ME;14;42;4;47;29;
20000906;ME;19;25;41;23;16;
20000902;SA;23;19;11;41;40;
20000902;SA;6;3;20;41;26;
20000830;ME;10;9;13;19;34;
20000830;ME;7;2;1;20;37;
20000826;SA;45;49;30;37;11;
20000826;SA;47;18;12;33;34;
20000823;ME;41;44;27;37;29;
20000823;ME;41;6;18;13;17;
20000819;SA;2;45;49;22;3;
20000819;SA;40;9;43;7;6;
20000816;ME;33;2;28;8;14;
20000816;ME;40;5;36;35;30;
20000812;SA;15;43;22;19;23;
20000812;SA;47;34;49;42;35;
20000809;ME;8;1;16;26;45;
20000809;ME;9;38;39;34;49;
20000805;SA;27;24;5;33;29;
20000805;SA;34;49;7;19;38;
20000802;ME;14;28;17;46;34;
20000802;ME;4;49;27;41;18;
20000729;SA;23;13;36;17;37;
20000729;SA;7;8;10;27;46;
20000726;ME;30;10;27;1;3;
20000726;ME;44;16;9;45;7;
20000722;SA;44;36;45;28;37;
20000722;SA;29;2;11;6;12;
20000719;ME;25;30;1;44;23;
20000719;ME;41;4;47;44;42;
20000715;SA;10;37;22;29;46;
20000715;SA;40;43;9;2;1;
20000712;ME;45;41;2;9;12;
20000712;ME;10;44;20;47;13;
20000708;SA;19;40;6;46;34;
20000708;SA;36;44;32;34;17;
20000705;ME;37;3;24;41;40;
20000705;ME;39;8;35;44;33;
20000701;SA;44;24;4;14;38;
20000701;SA;2;17;8;9;34;
20000628;ME;22;20;10;4;25;
20000628;ME;31;12;30;22;28;
20000624;SA;22;3;38;21;49;
20000624;SA;30;29;24;13;2;
20000621;ME;17;47;2;21;33;
20000621;ME;28;37;1;22;13;
20000617;SA;48;41;44;29;4;
20000617;SA;2;4;25;9;23;
20000614;ME;38;24;39;16;17;
20000614;ME;34;39;15;25;37;
20000610;SA;39;42;5;3;33;
20000610;SA;45;18;42;7;34;
20000607;ME;39;7;47;10;30;
20000607;ME;37;3;31;25;43;
20000603;SA;35;44;49;12;36;
20000603;SA;4;34;23;26;21;
20000531;ME;13;41;15;34;46;
20000531;ME;17;15;24;41;20;
20000527;SA;10;15;23;40;47;
20000527;SA;9;6;27;13;28;
20000524;ME;34;14;6;30;11;
20000524;ME;42;39;17;4;33;
20000520;SA;49;31;26;48;13;
20000520;SA;46;36;8;7;15;
20000517;ME;5;39;32;49;34;
20000517;ME;35;21;49;14;40;
20000513;SA;5;32;13;21;37;
20000513;SA;24;10;18;47;41;
20000510;ME;42;46;21;31;2;
20000510;ME;46;30;19;45;41;
20000506;SA;11;48;21;26;17;
20000506;SA;1;15;39;19;30;
20000503;ME;39;34;35;30;45;
20000503;ME;27;28;36;48;8;
20000429;SA;4;30;44;15;34;
20000429;SA;25;6;38;49;29;
20000426;ME;9;14;13;33;30;
20000426;ME;10;42;31;35;20;
20000422;SA;10;47;4;1;18;
20000422;SA;18;48;44;6;28;
20000419;ME;32;19;43;20;34;
20000419;ME;46;30;12;5;42;
20000415;SA;41;24;13;22;42;
20000415;SA;46;47;24;17;45;
20000412;ME;7;33;15;37;34;
20000412;ME;48;14;36;21;46;
20000408;SA;8;4;47;44;6;
20000408;SA;23;1;24;31;44;
20000405;ME;42;20;29;43;31;
20000405;ME;24;44;41;47;15;
20000401;SA;47;36;32;44;26;
20000401;SA;44;31;35;18;37;
20000329;ME;32;12;1;17;26;
20000329;ME;36;27;47;35;39;
20000325;SA;7;46;30;37;47;
20000325;SA;26;43;45;4;10;
20000322;ME;6;44;28;19;21;
20000322;ME;46;33;3;11;43;
20000318;SA;11;15;32;47;24;
20000318;SA;4;13;38;43;31;
20000315;ME;36;25;41;39;24;
20000315;ME;12;30;2;47;48;
20000311;SA;47;45;26;17;43;
20000311;SA;45;15;18;44;14;
20000308;ME;5;33;23;36;27;
20000308;ME;21;31;4;48;42;
20000304;SA;16;6;44;4;33;
20000304;SA;48;24;18;11;42;
20000301;ME;5;27;7;28;32;
20000301;ME;42;24;3;18;28;
20000226;SA;11;33;3;43;9;
20000226;SA;11;12;17;29;30;
20000223;ME;37;1;10;5;44;
20000223;ME;30;17;2;12;39;
20000219;SA;43;12;8;3;7;
20000219;SA;21;17;48;4;39;
20000216;ME;22;33;40;18;23;
20000216;ME;3;8;29;31;18;
20000212;SA;31;44;3;9;34;
20000212;SA;22;15;7;17;18;
20000209;ME;14;10;49;19;5;
20000209;ME;41;38;20;49;40;
20000205;SA;45;21;48;25;33;
20000205;SA;28;41;22;33;49;
20000202;ME;9;47;4;7;44;
20000202;ME;12;16;6;7;41;
20000129;SA;12;7;32;9;3;
20000129;SA;45;43;37;28;44;
20000126;ME;4;22;48;15;11;
20000126;ME;19;12;25;48;47;
20000122;SA;18;23;9;4;28;
20000122;SA;14;28;37;16;7;
20000119;ME;40;5;1;10;49;
20000119;ME;22;39;25;10;41;
20000115;SA;43;8;14;12;7;
20000115;SA;42;16;7;46;30;
20000112;ME;25;22;7;4;26;
20000112;ME;7;29;36;30;18;
20000108;SA;23;31;36;14;35;
20000108;SA;29;31;40;21;44;
20000105;ME;6;47;42;11;3;
20000105;ME;15;22;13;21;27;
20000101;SA;35;28;27;39;30;
20000101;SA;43;35;49;12;2;
19991229;ME;15;26;19;47;27;
19991229;ME;45;25;11;39;38;
19991225;SA;23;8;49;11;47;
19991225;SA;37;14;36;41;1;
19991222;ME;8;41;43;33;44;
19991222;ME;28;21;27;6;31;
19991218;SA;30;38;39;19;37;
19991218;SA;19;45;37;9;2;
19991215;ME;45;43;35;2;12;
19991215;ME;34;4;27;49;6;
19991211;SA;28;40;22;2;37;
19991211;SA;11;48;45;35;46;
19991208;ME;24;20;12;5;7;
19991208;ME;45;46;1;32;9;
19991204;SA;1;19;31;43;4;
19991204;SA;48;45;21;43;16;
19991201;ME;49;14;21;4;24;
19991201;ME;4;1;49;23;26;
19991127;SA;40;42;6;35;19;
19991127;SA;31;48;33;4;5;
19991124;ME;14;30;37;13;49;
19991124;ME;6;31;47;44;40;
19991120;SA;19;45;2;25;10;
19991120;SA;1;41;2;25;48;
19991117;ME;49;2;19;34;29;
19991117;ME;36;35;20;8;24;
19991113;SA;11;35;20;49;23;
19991113;SA;11;38;12;31;4;
19991110;ME;33;9;40;23;1;
19991110;ME;36;10;21;29;47;
19991106;SA;38;36;7;45;12;
19991106;SA;17;29;3;39;12;
19991103;ME;20;24;29;21;15;
19991103;ME;32;43;8;25;35;
19991030;SA;2;24;23;6;1;
19991030;SA;27;17;10;49;5;
19991027;ME;33;3;31;25;34;
19991027;ME;12;23;48;3;38;
19991023;SA;12;28;23;26;49;
19991023;SA;3;32;1;13;16;
19991020;ME;7;23;12;38;39;
19991020;ME;28;21;18;14;7;
19991016;SA;33;26;42;13;6;
19991016;SA;47;2;15;5;11;
19991013;ME;32;35;2;36;44;
19991013;ME;10;26;12;9;30;
19991009;SA;49;27;21;34;5;
19991009;SA;42;29;20;33;30;
19991006;ME;38;5;39;20;42;
19991006;ME;49;35;39;25;46;
19991002;SA;45;12;7;33;23;
19991002;SA;45;27;2;3;21;
19990929;ME;30;38;2;12;1;
19990929;ME;3;11;13;22;28;
19990925;SA;10;5;11;2;15;
19990925;SA;45;22;49;48;12;
19990922;ME;30;37;17;25;46;
19990922;ME;6;8;14;31;20;
19990918;SA;12;9;11;35;7;
19990918;SA;33;26;15;35;22;
19990915;ME;1;8;42;3;45;
19990915;ME;3;30;13;37;43;
19990911;SA;10;24;18;17;4;
19990911;SA;3;49;9;23;48;
19990908;ME;33;25;49;31;48;
19990908;ME;42;6;40;45;7;
19990904;SA;15;47;41;38;6;
19990904;SA;3;47;36;26;39;
19990901;ME;11;18;6;7;28;
19990901;ME;26;9;4;19;11;
19990828;SA;7;1;40;5;2;
19990828;SA;7;17;44;25;47;
19990825;ME;47;7;20;9;23;
19990825;ME;8;48;6;12;15;
19990821;SA;10;1;31;34;14;
19990821;SA;41;11;46;34;26;
19990818;ME;17;4;20;44;49;
19990818;ME;21;46;33;15;7;
19990814;SA;15;33;35;9;19;
19990814;SA;44;5;33;1;39;
19990811;ME;11;31;1;47;32;
19990811;ME;15;24;47;38;28;
19990807;SA;31;14;32;7;11;
19990807;SA;31;20;40;30;3;
19990804;ME;40;28;22;30;29;
19990804;ME;23;4;41;12;26;
19990731;SA;7;18;31;28;10;
19990731;SA;40;45;32;47;16;
19990728;ME;47;24;34;48;21;
19990728;ME;20;9;37;39;6;
19990724;SA;49;9;15;37;36;
19990724;SA;20;10;2;41;26;
19990721;ME;34;20;27;13;5;
19990721;ME;36;40;20;19;28;
19990717;SA;7;8;34;38;29;
19990717;SA;25;7;11;27;24;
19990714;ME;48;44;42;28;1;
19990714;ME;16;17;8;29;14;
19990710;SA;28;6;34;22;20;
19990710;SA;3;48;7;15;23;
19990707;ME;27;22;14;24;37;
19990707;ME;3;29;19;27;30;
19990703;SA;38;19;32;31;15;
19990703;SA;32;23;24;37;3;
19990630;ME;20;26;6;21;34;
19990630;ME;42;5;22;39;46;
19990626;SA;46;9;2;22;5;
19990626;SA;30;47;37;35;36;
19990623;ME;42;19;10;16;8;
19990623;ME;26;20;14;33;23;
19990619;SA;34;20;35;40;30;
19990619;SA;2;40;19;8;45;
19990616;ME;46;37;31;36;15;
19990616;ME;3;5;37;39;46;
19990612;SA;11;24;49;6;38;
19990612;SA;18;20;46;14;27;
19990609;ME;18;9;14;49;12;
19990609;ME;17;5;22;3;35;
19990605;SA;6;39;35;17;36;
19990605;SA;44;42;19;16;22;
19990602;ME;29;22;38;2;37;
19990602;ME;23;20;4;40;2;
19990529;SA;4;48;13;36;47;
19990529;SA;26;18;25;5;46;
19990526;ME;38;40;37;1;10;
19990526;ME;44;22;46;19;14;
19990522;SA;7;5;20;43;21;
19990522;SA;45;1;10;23;11;
19990519;ME;22;32;47;26;37;
19990519;ME;1;20;29;47;44;
19990515;SA;40;43;2;27;39;
19990515;SA;25;37;44;35;42;
19990512;ME;11;17;45;4;26;
19990512;ME;46;34;47;19;35;
19990508;SA;49;24;47;22;23;
19990508;SA;43;13;4;2;23;
19990505;ME;30;41;12;28;19;
19990505;ME;37;26;36;16;35;
19990501;SA;4;41;29;19;18;
19990501;SA;20;27;21;31;42;
19990428;ME;19;9;6;15;24;
19990428;ME;5;15;35;47;42;
19990424;SA;16;32;9;13;3;
19990424;SA;21;12;15;30;16;
19990421;ME;33;7;12;42;27;
19990421;ME;9;4;16;12;38;
19990417;SA;26;37;18;34;28;
19990417;SA;20;15;21;26;9;
19990414;ME;29;32;39;23;30;
19990414;ME;39;34;33;32;21;
19990410;SA;40;14;30;39;37;
19990410;SA;7;35;44;29;20;
19990407;ME;10;17;28;16;9;
19990407;ME;5;11;49;22;41;
19990403;SA;18;42;28;13;31;
19990403;SA;24;38;10;5;23;
19990331;ME;26;4;39;25;9;
19990331;ME;43;25;47;41;10;
19990327;SA;14;17;8;28;19;
19990327;SA;16;14;15;1;40;
19990324;ME;31;12;11;41;9;
19990324;ME;1;28;7;11;48;
19990320;SA;38;14;13;48;42;
19990320;SA;22;25;39;24;5;
19990317;ME;14;36;31;47;23;
19990317;ME;48;45;49;6;13;
19990313;SA;38;25;17;34;12;
19990313;SA;30;19;34;3;32;
19990310;ME;6;23;33;1;4;
19990310;ME;40;21;6;26;15;
19990306;SA;21;26;30;24;44;
19990306;SA;26;34;3;16;30;
19990303;ME;38;17;1;35;16;
19990303;ME;23;20;44;5;32;
19990227;SA;31;19;36;6;15;
19990227;SA;24;36;12;40;30;
19990224;ME;16;12;13;11;29;
19990224;ME;35;3;38;32;23;
19990220;SA;39;27;43;16;45;
19990220;SA;19;33;3;35;37;
19990217;ME;39;9;36;20;1;
19990217;ME;4;29;20;10;32;
19990213;SA;3;10;45;20;27;
19990213;SA;34;7;9;22;10;
19990210;ME;12;3;27;11;13;
19990210;ME;20;12;4;38;39;
19990206;SA;27;41;6;34;39;
19990206;SA;36;42;20;9;47;
19990203;ME;21;45;38;20;15;
19990203;ME;11;32;39;16;23;
19990130;SA;19;15;33;16;7;
19990130;SA;1;33;41;8;39;
19990127;ME;40;1;38;2;47;
19990127;ME;32;42;38;3;34;
19990123;SA;35;4;29;18;1;
19990123;SA;14;9;1;49;30;
19990120;ME;34;4;46;36;3;
19990120;ME;3;22;13;45;25;
19990116;SA;19;48;34;21;15;
19990116;SA;15;42;37;30;47;
19990113;ME;8;22;11;6;49;
19990113;ME;6;42;13;49;43;
19990109;SA;25;14;41;35;23;
19990109;SA;15;44;16;38;3;
19990106;ME;19;28;33;3;10;
19990106;ME;45;30;22;10;28;
19990102;SA;16;27;2;42;32;
19990102;SA;14;28;25;2;12;
19981230;ME;15;33;18;23;13;
19981230;ME;23;43;42;21;25;
19981226;SA;15;18;30;21;39;
19981226;SA;1;18;48;7;21;
19981223;ME;13;16;38;42;46;
19981223;ME;22;42;20;28;7;
19981219;SA;48;23;24;31;20;
19981219;SA;25;49;11;19;46;
19981216;ME;24;14;21;42;15;
19981216;ME;37;40;5;44;35;
19981212;SA;28;6;1;2;4;
19981212;SA;20;36;10;18;26;
19981209;ME;16;34;11;24;26;
19981209;ME;11;34;15;30;29;
19981205;SA;44;9;5;46;12;
19981205;SA;2;5;27;49;45;
19981202;ME;15;24;38;40;21;
19981202;ME;35;21;45;11;5;
19981128;SA;35;18;44;24;2;
19981128;SA;15;6;34;30;39;
19981125;ME;17;16;4;9;38;
19981125;ME;12;46;13;25;24;
19981121;SA;24;19;9;41;1;
19981121;SA;37;13;6;4;42;
19981118;ME;5;37;49;17;8;
19981118;ME;15;37;12;4;24;
19981114;SA;15;30;33;21;6;
19981114;SA;14;16;17;20;47;
19981111;ME;8;42;39;34;24;
19981111;ME;46;42;37;30;14;
19981107;SA;15;10;29;25;30;
19981107;SA;37;42;45;22;24;
19981104;ME;43;17;46;42;38;
19981104;ME;16;40;42;12;30;
19981031;SA;3;1;43;38;9;
19981031;SA;42;22;12;8;34;
19981028;ME;18;31;23;36;25;
19981028;ME;18;36;13;12;7;
19981024;SA;12;3;27;37;33;
19981024;SA;41;27;24;32;49;
19981021;ME;26;15;11;8;47;
19981021;ME;8;17;7;22;29;
19981017;SA;35;47;28;30;4;
19981017;SA;34;41;13;23;26;
19981014;ME;36;16;15;26;4;
19981014;ME;38;39;9;5;45;
19981010;SA;36;37;44;16;41;
19981010;SA;10;37;45;46;48;
19981007;ME;16;24;32;26;44;
19981007;ME;8;2;48;29;10;
19981003;SA;12;37;36;22;5;
19981003;SA;22;12;16;2;29;
19980930;ME;2;45;11;47;36;
19980930;ME;36;31;38;11;16;
19980926;SA;32;26;28;10;42;
19980926;SA;6;16;43;23;22;
19980923;ME;27;19;40;9;22;
19980923;ME;26;44;21;47;4;
19980919;SA;46;48;31;25;38;
19980919;SA;28;12;3;9;49;
19980916;ME;10;22;36;26;38;
19980916;ME;46;13;42;40;25;
19980912;SA;2;46;18;20;39;
19980912;SA;2;49;5;23;38;
19980909;ME;25;36;32;47;26;
19980909;ME;18;21;10;48;42;
19980905;SA;16;31;27;30;22;
19980905;SA;35;44;19;32;5;
19980902;ME;1;27;29;49;46;
19980902;ME;33;36;48;7;8;
19980829;SA;23;31;5;9;20;
19980829;SA;34;24;12;32;36;
19980826;ME;43;16;12;15;49;
19980826;ME;3;16;6;22;1;
19980822;SA;37;40;49;4;30;
19980822;SA;26;12;43;22;35;
19980819;ME;24;49;14;12;47;
19980819;ME;34;45;3;26;14;
19980815;SA;39;21;29;28;40;
19980815;SA;12;49;28;38;11;
19980812;ME;25;30;47;10;26;
19980812;ME;16;43;45;4;42;
19980808;SA;27;16;7;39;29;
19980808;SA;46;49;26;17;41;
19980805;ME;41;19;29;8;3;
19980805;ME;36;2;32;38;44;
19980801;SA;19;40;14;4;20;
19980801;SA;48;34;17;49;45;
19980729;ME;16;31;14;29;28;
19980729;ME;22;46;3;1;41;
19980725;SA;24;40;8;27;21;
19980725;SA;33;19;34;37;48;
19980722;ME;29;21;10;33;7;
19980722;ME;15;41;1;39;8;
19980718;SA;46;41;10;17;30;
19980718;SA;14;4;26;32;40;
19980715;ME;9;48;45;43;28;
19980715;ME;33;36;17;28;29;
19980711;SA;10;2;1;9;31;
19980711;SA;25;29;36;42;22;
19980708;ME;45;7;21;20;14;
19980708;ME;28;13;10;25;33;
19980704;SA;33;47;8;20;15;
19980704;SA;12;32;34;4;6;
19980701;ME;25;42;35;46;49;
19980701;ME;47;25;19;11;10;
19980627;SA;48;9;4;18;2;
19980627;SA;26;11;46;29;36;
19980624;ME;25;33;23;43;20;
19980624;ME;9;3;41;31;22;
19980620;SA;15;42;10;5;3;
19980620;SA;1;18;44;9;22;
19980617;ME;24;41;5;33;22;
19980617;ME;3;43;8;2;11;
19980613;SA;15;24;48;1;42;
19980613;SA;24;18;41;25;10;
19980610;ME;32;4;11;6;1;
19980610;ME;37;42;8;25;7;
19980606;SA;31;35;28;14;47;
19980606;SA;22;8;3;42;23;
19980603;ME;46;2;14;23;35;
19980603;ME;42;30;26;15;41;
19980530;SA;20;23;24;40;47;
19980530;SA;2;4;14;30;16;
19980527;ME;41;21;34;32;13;
19980527;ME;38;25;40;17;41;
19980523;SA;1;23;25;2;4;
19980523;SA;19;13;39;27;42;
19980520;ME;16;31;39;3;5;
19980520;ME;8;49;18;42;17;
19980516;SA;6;24;21;37;30;
19980516;SA;44;29;15;26;34;
19980513;ME;21;38;30;43;24;
19980513;ME;43;45;31;30;39;
19980509;SA;13;23;49;15;21;
19980509;SA;17;35;16;5;22;
19980506;ME;28;35;13;19;43;
19980506;ME;3;32;1;35;19;
19980502;SA;13;46;49;38;37;
19980502;SA;4;42;30;2;43;
19980429;ME;33;16;43;27;12;
19980429;ME;26;34;22;14;27;
19980425;SA;16;20;32;14;25;
19980425;SA;1;10;2;38;11;
19980422;ME;13;8;4;32;28;
19980422;ME;10;34;36;22;3;
19980418;SA;36;10;9;27;19;
19980418;SA;3;43;23;14;9;
19980415;ME;11;40;30;28;5;
19980415;ME;29;32;38;19;6;
19980411;SA;22;38;46;16;5;
19980411;SA;3;27;17;13;45;
19980408;ME;36;3;48;33;47;
19980408;ME;17;38;5;14;25;
19980404;SA;40;17;7;26;44;
19980404;SA;46;15;42;29;12;
19980401;ME;41;31;30;13;45;
19980401;ME;49;11;30;26;42;
19980328;SA;20;32;41;7;23;
19980328;SA;48;45;12;9;29;
19980325;ME;43;42;18;27;28;
19980325;ME;15;49;19;22;35;
19980321;SA;5;31;28;48;13;
19980321;SA;20;43;15;12;6;
19980318;ME;35;22;2;7;6;
19980318;ME;46;13;19;49;30;
19980314;SA;43;45;46;15;29;
19980314;SA;28;23;26;5;34;
19980311;ME;16;5;20;38;21;
19980311;ME;28;21;29;23;30;
19980307;SA;10;18;37;47;40;
19980307;SA;9;6;26;29;27;
19980304;ME;33;43;12;41;45;
19980304;ME;16;12;3;13;39;
19980228;SA;10;37;16;44;22;
19980228;SA;37;47;39;25;49;
19980225;ME;46;29;30;28;13;
19980225;ME;9;40;25;11;14;
19980221;SA;19;10;11;29;31;
19980221;SA;11;22;43;33;14;
19980218;ME;23;13;49;8;30;
19980218;ME;4;45;44;10;8;
19980214;SA;32;41;1;28;36;
19980214;SA;21;11;9;10;33;
19980211;ME;34;27;18;46;35;
19980211;ME;24;5;33;38;43;
19980207;SA;28;1;30;29;10;
19980207;SA;13;29;48;25;21;
19980204;ME;44;31;36;43;6;
19980204;ME;24;15;23;47;48;
19980131;SA;39;22;49;14;34;
19980131;SA;3;24;41;7;13;
19980128;ME;23;35;26;39;7;
19980128;ME;22;36;43;7;41;
19980124;SA;40;44;26;18;13;
19980124;SA;5;42;32;14;39;
19980121;ME;22;1;7;33;16;
19980121;ME;1;37;49;39;27;
19980117;SA;30;6;39;21;42;
19980117;SA;45;38;36;20;43;
19980114;ME;34;19;4;32;7;
19980114;ME;9;18;38;30;27;
19980110;SA;17;7;13;36;49;
19980110;SA;11;39;36;40;4;
19980107;ME;41;15;14;42;13;
19980107;ME;42;38;26;36;31;
19980103;SA;22;17;12;4;44;
19980103;SA;39;33;8;1;4;
19971231;ME;41;15;31;19;32;
19971231;ME;18;1;35;36;21;
19971227;SA;28;2;16;39;9;
19971227;SA;31;48;42;34;5;
19971224;ME;24;22;32;23;9;
19971224;ME;28;15;39;35;12;
19971220;SA;39;16;3;23;18;
19971220;SA;41;5;21;29;46;
19971217;ME;19;15;5;31;43;
19971217;ME;44;7;14;17;15;
19971213;SA;5;27;34;9;3;
19971213;SA;9;46;49;25;29;
19971210;ME;29;13;46;25;32;
19971210;ME;27;1;20;43;5;
19971206;SA;39;4;30;7;42;
19971206;SA;30;46;45;3;18;
19971203;ME;6;9;27;34;1;
19971203;ME;44;31;35;30;25;
19971129;SA;33;31;10;39;11;
19971129;SA;1;42;7;27;11;
19971126;ME;18;23;47;42;16;
19971126;ME;11;37;42;19;46;
19971122;SA;34;9;26;1;20;
19971122;SA;49;8;28;15;35;
19971119;ME;40;39;22;35;43;
19971119;ME;14;27;9;46;35;
19971115;SA;39;33;20;37;25;
19971115;SA;40;21;22;26;47;
19971112;ME;18;14;30;24;4;
19971112;ME;27;49;18;5;23;
19971108;SA;47;32;41;35;17;
19971108;SA;32;47;35;25;39;
19971105;ME;49;37;41;24;20;
19971105;ME;10;38;25;32;15;
19971101;SA;31;3;33;29;19;
19971101;SA;13;37;35;26;42;
19971029;ME;24;5;30;43;47;
19971029;ME;30;15;31;9;48;
19971025;SA;49;23;16;13;4;
19971025;SA;14;45;25;44;7;
19971022;ME;3;17;6;37;29;
19971022;ME;37;27;14;34;47;
19971018;SA;36;11;21;41;39;
19971018;SA;45;32;19;43;2;
19971015;ME;39;46;18;45;40;
19971015;ME;34;14;40;4;16;
19971011;SA;33;7;17;16;27;
19971011;SA;3;31;9;18;37;
19971008;ME;18;21;36;1;34;
19971008;ME;36;5;21;2;3;
19971004;SA;43;32;35;7;5;
19971004;SA;14;27;21;34;46;
19971001;ME;35;30;3;17;27;
19971001;ME;29;9;38;12;23;
19970927;SA;40;28;1;30;10;
19970927;SA;35;6;3;22;31;
19970924;ME;36;44;13;3;41;
19970924;ME;41;17;20;23;12;
19970920;SA;2;44;21;25;19;
19970920;SA;9;35;13;12;29;
19970917;ME;10;48;46;36;22;
19970917;ME;34;39;14;46;4;
19970913;SA;20;48;6;17;49;
19970913;SA;20;7;31;1;13;
19970910;ME;41;22;17;1;37;
19970910;ME;44;8;14;34;27;
19970906;SA;25;43;3;37;41;
19970906;SA;16;5;27;20;34;
19970903;ME;45;31;9;24;16;
19970903;ME;2;29;28;18;22;
19970830;SA;25;4;41;29;26;
19970830;SA;36;18;32;45;35;
19970827;ME;41;31;13;34;8;
19970827;ME;6;28;15;46;9;
19970823;SA;6;5;26;38;42;
19970823;SA;5;33;8;46;18;
19970820;ME;45;1;44;3;38;
19970820;ME;37;16;36;43;3;
19970816;SA;16;1;11;6;39;
19970816;SA;20;11;1;13;41;
19970813;ME;20;33;40;29;14;
19970813;ME;35;19;48;16;39;
19970809;SA;37;2;10;1;12;
19970809;SA;18;11;33;42;19;
19970806;ME;4;33;32;35;10;
19970806;ME;13;40;25;11;7;
19970802;SA;39;6;24;7;31;
19970802;SA;3;42;11;40;13;
19970730;ME;29;4;15;34;39;
19970730;ME;4;1;42;21;15;
19970726;SA;16;32;9;39;4;
19970726;SA;27;3;39;13;1;
19970723;ME;42;6;46;15;34;
19970723;ME;8;36;44;7;25;
19970719;SA;44;23;26;1;22;
19970719;SA;35;39;33;15;5;
19970716;ME;46;45;11;18;30;
19970716;ME;1;40;3;43;6;
19970712;SA;34;9;36;47;24;
19970712;SA;8;15;12;1;21;
19970709;ME;23;30;21;1;9;
19970709;ME;2;22;29;37;47;
19970705;SA;43;39;13;22;30;
19970705;SA;37;25;3;43;12;
19970702;ME;33;37;8;7;2;
19970702;ME;28;31;36;3;19;
19970628;SA;48;24;28;6;1;
19970628;SA;7;1;48;44;22;
19970625;ME;40;11;45;26;44;
19970625;ME;34;29;37;38;41;
19970621;SA;34;14;35;36;49;
19970621;SA;35;21;33;27;2;
19970618;ME;46;45;48;9;27;
19970618;ME;43;32;48;29;45;
19970614;SA;5;40;14;1;21;
19970614;SA;12;33;20;26;35;
19970611;ME;36;35;49;41;16;
19970611;ME;40;4;48;18;30;
19970607;SA;21;27;17;10;42;
19970607;SA;4;15;26;14;7;
19970604;ME;34;32;28;1;40;
19970604;ME;20;26;23;38;34;
19970531;SA;18;30;1;12;7;
19970531;SA;17;7;31;39;20;
19970528;ME;19;43;1;48;6;
19970528;ME;2;35;43;29;12;
19970524;SA;19;39;20;35;18;
19970524;SA;49;38;42;8;30;
19970521;ME;39;33;2;46;49;
19970521;ME;31;40;37;41;49;
19970517;SA;11;18;15;4;31;
19970517;SA;22;42;17;11;45;
19970514;ME;20;13;48;24;41;
19970514;ME;39;20;33;29;38;
19970510;SA;44;20;16;27;7;
19970510;SA;2;31;20;38;21;
19970507;ME;34;11;31;27;22;
19970507;ME;39;27;34;3;36;
19970503;SA;38;20;39;27;41;
19970503;SA;46;42;24;47;25;
19970430;ME;44;22;6;41;20;
19970430;ME;43;46;32;7;19;
19970426;SA;49;8;3;31;30;
19970426;SA;13;15;18;28;22;
19970423;ME;18;43;17;12;4;
19970423;ME;22;20;14;1;27;
19970419;SA;40;15;19;32;26;
19970419;SA;33;14;16;21;43;
19970416;ME;32;45;8;31;22;
19970416;ME;30;40;11;29;17;
19970412;SA;2;4;8;28;35;
19970412;SA;20;10;4;16;37;
19970409;ME;20;42;22;4;18;
19970409;ME;32;45;23;9;26;
19970405;SA;37;31;47;34;2;
19970405;SA;25;49;13;48;15;
19970402;ME;33;21;43;19;40;
19970402;ME;41;28;4;45;16;
19970329;SA;44;29;20;16;48;
19970329;SA;25;28;42;8;47;
19970326;ME;42;41;22;21;29;
19970326;ME;4;37;47;28;14;
19970322;SA;21;39;22;15;19;
19970322;SA;49;12;13;16;4;
19970319;ME;7;13;35;24;9;
19970319;ME;38;20;27;43;35;
19970315;SA;10;8;27;19;36;
19970315;SA;15;32;39;23;48;
19970312;ME;1;37;11;40;16;
19970312;ME;37;48;12;9;13;
19970308;SA;40;41;33;21;49;
19970308;SA;37;34;31;40;23;
19970305;ME;29;8;26;27;41;
19970305;ME;5;4;2;38;40;
19970301;SA;21;38;42;24;7;
19970301;SA;36;35;43;30;5;
19970226;ME;33;34;19;7;49;
19970226;ME;27;13;48;7;33;
19970222;SA;45;7;28;14;36;
19970222;SA;13;9;46;5;41;
19970219;ME;32;7;16;17;3;
19970219;ME;47;10;19;20;24;
19970215;SA;27;25;28;30;24;
19970215;SA;45;3;37;16;13;
19970212;ME;25;47;7;32;16;
19970212;ME;19;27;30;31;4;
19970208;SA;22;38;24;40;37;
19970208;SA;10;17;26;47;28;
19970205;ME;39;28;17;8;41;
19970205;ME;34;46;42;37;8;
19970201;SA;12;35;7;30;47;
19970201;SA;11;39;24;14;45;
19970129;ME;3;21;4;36;26;
19970129;ME;45;8;14;7;26;
19970125;SA;26;32;14;5;29;
19970125;SA;45;43;3;30;21;
19970122;ME;32;40;43;47;24;
19970122;ME;29;14;45;8;37;
19970118;SA;28;13;17;29;7;
19970118;SA;20;45;33;40;22;
19970115;ME;1;31;35;20;48;
19970115;ME;11;40;45;14;42;
19970111;SA;37;26;28;16;31;
19970111;SA;20;35;36;25;4;
19970108;ME;26;31;35;49;14;
19970108;ME;14;16;15;40;25;
19970104;SA;33;23;15;18;43;
19970104;SA;25;39;2;3;48;
19970101;ME;13;44;25;36;32;
19970101;ME;27;26;9;23;43;
19961228;SA;17;24;21;41;32;
19961228;SA;25;28;21;23;46;
19961225;ME;22;43;42;30;33;
19961225;ME;41;28;37;18;35;
19961221;SA;8;3;26;7;13;
19961221;SA;11;42;33;23;30;
19961218;ME;42;46;44;36;6;
19961218;ME;32;17;5;16;27;
19961214;SA;25;11;19;5;1;
19961214;SA;2;45;44;30;11;
19961211;ME;14;40;30;28;46;
19961211;ME;46;27;4;13;30;
19961207;SA;24;2;21;27;16;
19961207;SA;25;21;3;28;27;
19961204;ME;3;40;45;21;34;
19961204;ME;33;40;22;37;36;
19961130;SA;12;45;19;39;31;
19961130;SA;49;43;6;30;48;
19961127;ME;10;41;17;49;31;
19961127;ME;46;32;7;31;25;
19961123;SA;46;32;25;12;40;
19961123;SA;6;34;19;28;11;
19961120;ME;26;37;4;47;18;
19961120;ME;20;1;34;45;28;
19961116;SA;44;13;18;7;38;
19961116;SA;39;20;16;26;24;
19961113;ME;31;20;3;25;11;
19961113;ME;2;45;12;7;10;
19961109;SA;27;36;11;10;43;
19961109;SA;16;25;48;14;15;
19961106;ME;32;46;34;49;1;
19961106;ME;17;49;38;39;27;
19961102;SA;22;19;25;31;39;
19961102;SA;27;42;48;2;34;
19961030;ME;34;44;3;33;15;
19961030;ME;8;30;43;34;19;
19961026;SA;41;16;26;10;17;
19961026;SA;49;21;28;4;37;
19961023;ME;28;43;42;40;33;
19961023;ME;21;11;23;46;25;
19961019;SA;42;48;16;12;45;
19961019;SA;30;34;21;40;3;
19961016;ME;41;17;23;12;44;
19961016;ME;41;34;28;47;19;
19961012;SA;39;20;9;45;36;
19961012;SA;48;35;30;42;41;
19961009;ME;35;3;8;12;32;
19961009;ME;9;7;14;41;44;
19961005;SA;40;37;31;43;1;
19961005;SA;6;16;25;17;49;
19961002;ME;38;1;42;6;15;
19961002;ME;47;6;46;20;11;
19960928;SA;14;11;31;37;20;
19960928;SA;35;4;22;40;12;
19960925;ME;16;23;3;32;4;
19960925;ME;28;36;40;10;19;
19960921;SA;30;34;20;8;12;
19960921;SA;39;4;5;43;41;
19960918;ME;49;36;30;33;11;
19960918;ME;40;39;21;47;11;
19960914;SA;39;45;48;13;3;
19960914;SA;4;13;7;42;36;
19960911;ME;11;19;14;16;46;
19960911;ME;20;25;43;8;37;
19960907;SA;28;6;13;42;47;
19960907;SA;16;17;8;26;23;
19960904;ME;46;49;25;30;37;
19960904;ME;32;44;45;38;9;
19960831;SA;45;32;11;21;1;
19960831;SA;41;47;36;5;17;
19960828;ME;40;48;31;5;34;
19960828;ME;37;27;33;32;49;
19960824;SA;2;27;4;15;39;
19960824;SA;41;12;34;25;36;
19960821;ME;27;25;6;40;18;
19960821;ME;9;32;26;47;1;
19960817;SA;23;21;4;41;42;
19960817;SA;31;16;28;13;14;
19960814;ME;34;16;40;46;11;
19960814;ME;45;25;18;12;13;
19960810;SA;25;26;46;9;1;
19960810;SA;5;42;1;44;21;
19960807;ME;34;10;44;18;47;
19960807;ME;49;36;17;43;37;
19960803;SA;11;10;30;16;25;
19960803;SA;39;44;28;23;25;
19960731;ME;39;20;3;32;4;
19960731;ME;14;24;18;35;30;
19960727;SA;43;10;33;6;41;
19960727;SA;43;7;10;46;26;
19960724;ME;14;2;24;43;27;
19960724;ME;7;22;4;1;8;
19960720;SA;32;4;30;26;29;
19960720;SA;9;18;43;40;17;
19960717;ME;6;49;39;27;40;
19960717;ME;39;1;25;46;21;
19960713;SA;46;25;33;47;31;
19960713;SA;41;7;22;31;15;
19960710;ME;26;18;21;24;17;
19960710;ME;19;43;13;10;18;
19960706;SA;41;25;7;13;20;
19960706;SA;16;35;34;7;19;
19960703;ME;4;38;29;15;27;
19960703;ME;33;38;42;37;27;
19960629;SA;31;10;36;13;44;
19960629;SA;3;44;14;25;10;
19960626;ME;1;20;25;6;11;
19960626;ME;27;29;49;7;10;
19960622;SA;21;16;23;41;43;
19960622;SA;45;10;28;19;8;
19960619;ME;28;43;20;29;30;
19960619;ME;6;47;13;44;7;
19960615;SA;5;36;13;40;6;
19960615;SA;38;42;45;35;20;
19960612;ME;10;47;48;14;11;
19960612;ME;27;13;30;48;24;
19960608;SA;5;33;7;39;31;
19960608;SA;19;7;3;49;39;
19960605;ME;41;25;11;27;4;
19960605;ME;6;34;29;3;14;
19960601;SA;8;28;10;49;42;
19960601;SA;31;19;21;20;6;
19960529;ME;5;14;42;19;40;
19960529;ME;23;3;22;35;21;
19960525;SA;35;21;4;11;38;
19960525;SA;15;6;14;20;10;
19960522;ME;17;29;46;45;6;
19960522;ME;1;38;2;24;13;
19960518;SA;10;5;48;39;11;
19960518;SA;39;17;46;43;8;
19960515;ME;24;32;18;36;27;
19960515;ME;36;48;43;2;16;
19960511;SA;39;43;30;38;5;
19960511;SA;12;19;27;38;43;
19960508;ME;31;20;37;19;11;
19960508;ME;22;33;14;9;47;
19960504;SA;42;18;32;46;7;
19960504;SA;31;7;1;48;2;
19960501;ME;18;17;31;13;14;
19960501;ME;30;12;9;16;49;
19960427;SA;30;29;38;48;5;
19960427;SA;8;15;22;23;26;
19960424;ME;11;46;45;32;2;
19960424;ME;20;5;18;48;17;
19960420;SA;4;48;31;10;35;
19960420;SA;2;12;43;47;45;
19960417;ME;11;41;39;28;38;
19960417;ME;12;18;13;31;1;
19960413;SA;34;44;36;46;12;
19960413;SA;47;5;31;38;39;
19960410;ME;42;28;17;4;1;
19960410;ME;31;49;26;15;11;
19960406;SA;42;47;19;4;8;
19960406;SA;22;49;35;1;13;
19960403;ME;8;7;5;39;38;
19960403;ME;7;20;34;25;26;
19960330;SA;49;34;17;18;44;
19960330;SA;46;15;30;43;22;
19960327;ME;39;49;33;23;9;
19960327;ME;28;2;18;47;32;
19960323;SA;5;21;18;29;42;
19960323;SA;4;41;15;47;35;
19960320;ME;46;11;26;6;32;
19960320;ME;44;43;46;23;28;
19960316;SA;44;34;26;48;3;
19960316;SA;29;23;28;39;24;
19960313;ME;38;12;15;47;44;
19960313;ME;36;10;16;20;48;
19960309;SA;19;32;24;1;49;
19960309;SA;11;4;30;22;12;
19960306;ME;14;15;36;29;39;
19960306;ME;37;26;46;21;8;
19960302;SA;20;41;31;42;13;
19960302;SA;12;4;21;39;31;
19960228;ME;32;8;15;5;9;
19960228;ME;13;24;31;23;17;
19960224;SA;33;12;49;4;18;
19960224;SA;13;1;8;2;23;
19960221;ME;40;21;32;18;4;
19960221;ME;43;9;48;30;46;
19960217;SA;9;35;18;6;8;
19960217;SA;21;32;27;47;2;
19960214;ME;37;30;13;35;36;
19960214;ME;1;41;13;14;10;
19960210;SA;28;23;26;49;29;
19960210;SA;17;21;15;3;6;
19960207;ME;10;32;16;36;39;
19960207;ME;9;37;43;1;20;
19960203;SA;43;34;12;9;42;
19960203;SA;45;37;24;27;20;
19960131;ME;12;47;37;20;42;
19960131;ME;7;6;12;17;34;
19960127;SA;38;41;45;47;44;
19960127;SA;19;40;2;24;27;
19960124;ME;13;31;10;28;34;
19960124;ME;6;4;32;47;45;
19960120;SA;30;10;36;26;17;
19960120;SA;13;48;28;45;21;
19960117;ME;32;20;7;13;18;
19960117;ME;48;25;15;46;4;
19960113;SA;36;11;23;26;46;
19960113;SA;28;35;2;45;26;
19960110;ME;43;1;34;35;32;
19960110;ME;5;8;16;4;46;
19960106;SA;21;14;26;9;38;
19960106;SA;16;44;36;13;27;
19960103;ME;14;21;8;19;30;
19960103;ME;17;34;16;37;11;
19951230;SA;48;23;16;40;25;
19951230;SA;35;7;3;22;6;
19951227;ME;37;42;10;41;43;
19951227;ME;47;30;33;40;2;
19951223;SA;45;42;36;32;39;
19951223;SA;25;22;27;38;2;
19951220;ME;4;15;43;10;21;
19951220;ME;12;8;38;22;45;
19951216;SA;14;36;32;8;18;
19951216;SA;8;37;28;31;22;
19951213;ME;41;13;39;14;47;
19951213;ME;41;22;32;18;4;
19951209;SA;13;44;22;46;3;
19951209;SA;49;20;12;42;28;
19951206;ME;48;43;37;22;20;
19951206;ME;27;36;33;15;29;
19951202;SA;11;49;34;28;24;
19951202;SA;25;2;4;22;5;
19951129;ME;32;35;20;29;8;
19951129;ME;44;30;37;31;45;
19951125;SA;38;27;49;6;2;
19951125;SA;2;4;40;17;7;
19951122;ME;25;27;42;4;39;
19951122;ME;15;28;5;36;30;
19951118;SA;12;28;39;29;11;
19951118;SA;16;34;22;39;8;
19951115;ME;45;25;1;16;37;
19951115;ME;18;19;36;20;25;
19951111;SA;5;20;7;4;22;
19951111;SA;27;32;12;15;20;
19951108;ME;40;6;38;45;28;
19951108;ME;16;35;38;47;28;
19951104;SA;2;5;42;25;9;
19951104;SA;38;23;7;43;48;
19951101;ME;3;15;24;37;23;
19951101;ME;21;40;6;33;13;
19951028;SA;3;45;35;48;33;
19951028;SA;9;29;40;16;1;
19951025;ME;48;29;41;39;15;
19951025;ME;2;12;33;6;24;
19951021;SA;12;37;4;24;1;
19951021;SA;44;34;21;45;6;
19951018;ME;33;39;3;24;38;
19951018;ME;3;8;22;23;31;
19951014;SA;21;25;38;5;16;
19951014;SA;16;31;49;41;44;
19951011;ME;32;23;19;24;10;
19951011;ME;24;9;41;21;10;
19951007;SA;3;49;31;41;15;
19951007;SA;6;10;15;24;4;
19951004;ME;9;43;17;45;25;
19951004;ME;35;6;29;31;12;
19950930;SA;32;5;12;18;49;
19950930;SA;22;32;13;31;14;
19950927;ME;27;22;20;40;42;
19950927;ME;37;29;33;16;41;
19950923;SA;27;43;49;44;18;
19950923;SA;14;19;47;2;40;
19950920;ME;12;46;22;7;40;
19950920;ME;6;32;30;42;41;
19950916;SA;42;7;29;44;17;
19950916;SA;23;4;15;29;13;
19950913;ME;11;6;25;13;46;
19950913;ME;17;14;35;5;41;
19950909;SA;22;23;35;39;38;
19950909;SA;15;14;39;9;34;
19950906;ME;23;3;24;25;4;
19950906;ME;16;7;42;26;43;
19950902;SA;43;16;23;41;33;
19950902;SA;48;46;14;10;36;
19950830;ME;20;38;37;26;2;
19950830;ME;19;33;40;47;36;
19950826;SA;7;6;21;27;44;
19950826;SA;10;36;1;18;27;
19950823;ME;35;14;3;7;24;
19950823;ME;17;37;46;33;16;
19950819;SA;1;24;11;21;27;
19950819;SA;48;1;21;35;46;
19950816;ME;13;26;24;47;39;
19950816;ME;37;10;7;14;48;
19950812;SA;38;19;5;39;32;
19950812;SA;23;40;42;13;41;
19950809;ME;44;22;24;18;15;
19950809;ME;29;41;34;33;5;
19950805;SA;43;1;18;14;24;
19950805;SA;43;12;41;27;11;
19950802;ME;42;35;10;3;6;
19950802;ME;26;17;4;8;12;
19950729;SA;35;37;31;39;19;
19950729;SA;30;21;42;37;34;
19950726;ME;39;48;34;19;23;
19950726;ME;2;26;38;46;16;
19950722;SA;30;10;20;31;3;
19950722;SA;20;21;44;46;5;
19950719;ME;47;35;49;33;13;
19950719;ME;18;41;25;1;13;
19950715;SA;36;10;38;24;27;
19950715;SA;36;48;21;23;22;
19950712;ME;31;39;19;5;43;
19950712;ME;22;12;29;41;7;
19950708;SA;4;27;14;10;42;
19950708;SA;2;49;39;41;45;
19950705;ME;32;44;41;17;22;
19950705;ME;32;42;17;13;45;
19950701;SA;36;5;48;13;49;
19950701;SA;26;38;4;15;42;
19950628;ME;5;31;7;36;18;
19950628;ME;47;39;18;40;34;
19950624;SA;23;7;5;48;46;
19950624;SA;30;18;24;19;28;
19950621;ME;19;5;41;25;27;
19950621;ME;22;15;45;11;6;
19950617;SA;11;16;3;46;1;
19950617;SA;32;44;40;24;25;
19950614;ME;11;46;36;35;26;
19950614;ME;42;44;39;41;6;
19950610;SA;44;40;10;22;27;
19950610;SA;15;32;46;40;2;
19950607;ME;44;27;24;15;14;
19950607;ME;43;40;23;2;5;
19950603;SA;49;45;14;34;2;
19950603;SA;24;13;9;47;10;
19950531;ME;19;14;2;32;1;
19950531;ME;47;17;27;39;29;
19950527;SA;25;26;38;12;24;
19950527;SA;1;7;18;6;39;
19950524;ME;29;11;7;17;39;
19950524;ME;14;22;19;41;21;
19950520;SA;49;8;26;31;37;
19950520;SA;26;24;49;27;15;
19950517;ME;28;42;9;33;22;
19950517;ME;25;22;43;8;34;
19950513;SA;32;7;37;16;19;
19950513;SA;24;1;47;30;16;
19950510;ME;39;7;5;36;48;
19950510;ME;8;24;4;22;25;
19950506;SA;19;24;12;4;29;
19950506;SA;17;2;36;43;40;
19950503;ME;41;22;16;19;27;
19950503;ME;41;5;20;48;16;
19950429;SA;4;32;10;44;15;
19950429;SA;16;13;6;2;19;
19950426;ME;5;1;43;47;39;
19950426;ME;16;4;34;44;48;
19950422;SA;13;23;37;3;44;
19950422;SA;12;35;7;37;10;
19950419;ME;42;24;37;1;8;
19950419;ME;3;20;23;47;30;
19950415;SA;48;10;36;43;49;
19950415;SA;29;8;31;15;34;
19950412;ME;47;33;20;44;19;
19950412;ME;32;28;14;29;16;
19950408;SA;19;47;23;10;41;
19950408;SA;24;13;6;39;20;
19950405;ME;13;27;41;2;42;
19950405;ME;40;4;34;23;44;
19950401;SA;9;29;44;14;17;
19950401;SA;23;49;21;43;5;
19950329;ME;6;41;46;4;30;
19950329;ME;32;19;31;25;5;
19950325;SA;6;25;26;34;36;
19950325;SA;33;7;10;48;22;
19950322;ME;43;7;27;42;28;
19950322;ME;12;49;48;22;28;
19950318;SA;5;34;13;29;1;
19950318;SA;47;1;6;45;16;
19950315;ME;44;8;46;16;17;
19950315;ME;4;45;30;7;34;
19950311;SA;10;17;16;1;27;
19950311;SA;6;24;12;19;43;
19950308;ME;32;34;11;40;19;
19950308;ME;21;47;40;26;41;
19950304;SA;25;27;48;3;1;
19950304;SA;38;21;12;40;24;
19950301;ME;22;13;46;6;39;
19950301;ME;3;16;33;19;31;
19950225;SA;11;46;30;38;25;
19950225;SA;13;32;30;14;5;
19950222;ME;27;43;36;30;19;
19950222;ME;5;30;1;44;36;
19950218;SA;48;2;43;8;18;
19950218;SA;11;2;42;12;39;
19950215;ME;41;27;7;1;4;
19950215;ME;37;34;38;15;16;
19950211;SA;10;28;12;25;43;
19950211;SA;19;14;10;12;9;
19950208;ME;12;7;18;6;39;
19950208;ME;7;48;31;26;32;
19950204;SA;35;49;20;13;36;
19950204;SA;13;23;14;11;35;
19950201;ME;9;31;10;48;18;
19950201;ME;39;49;37;40;9;
19950128;SA;42;47;45;49;30;
19950128;SA;32;30;16;27;20;
19950125;ME;42;5;33;13;19;
19950125;ME;19;14;29;16;6;
19950121;SA;7;28;40;41;4;
19950121;SA;48;6;7;38;13;
19950118;ME;19;27;37;26;10;
19950118;ME;10;29;34;37;16;
19950114;SA;43;5;47;18;44;
19950114;SA;44;48;35;43;8;
19950111;ME;41;7;17;48;4;
19950111;ME;16;37;47;5;43;
19950107;SA;25;23;36;9;48;
19950107;SA;47;20;9;29;21;
19950104;ME;38;21;49;44;34;
19950104;ME;44;21;15;49;13;
19941231;SA;33;24;16;46;21;
19941231;SA;15;19;24;44;35;
19941228;ME;32;48;6;38;36;
19941228;ME;39;43;11;29;45;
19941224;SA;23;2;28;6;14;
19941224;SA;22;15;30;47;19;
19941221;ME;16;18;45;4;23;
19941221;ME;29;39;43;4;41;
19941217;SA;44;34;43;31;17;
19941217;SA;49;10;21;6;1;
19941214;ME;34;33;44;41;36;
19941214;ME;4;42;30;45;41;
19941210;SA;27;11;42;48;18;
19941210;SA;31;4;38;37;18;
19941207;ME;16;38;19;30;4;
19941207;ME;11;49;36;15;9;
19941203;SA;49;38;25;17;8;
19941203;SA;24;36;1;9;17;
19941130;ME;9;19;38;18;36;
19941130;ME;22;2;16;13;9;
19941126;SA;40;42;24;32;23;
19941126;SA;40;41;2;49;12;
19941123;ME;27;2;33;15;7;
19941123;ME;15;38;25;16;1;
19941119;SA;2;41;31;46;20;
19941119;SA;6;35;37;48;29;
19941116;ME;13;36;31;48;4;
19941116;ME;13;22;32;34;14;
19941112;SA;21;34;41;31;49;
19941112;SA;4;46;44;48;16;
19941109;ME;19;4;22;41;18;
19941109;ME;15;32;49;1;11;
19941105;SA;48;8;13;20;18;
19941105;SA;17;38;13;8;2;
19941102;ME;46;48;36;40;18;
19941102;ME;1;33;46;43;13;
19941029;SA;7;9;18;16;43;
19941029;SA;31;9;46;41;13;
19941026;ME;44;9;49;28;11;
19941026;ME;8;39;34;6;47;
19941022;SA;14;25;33;44;27;
19941022;SA;48;19;2;16;49;
19941019;ME;8;24;39;41;4;
19941019;ME;38;10;32;27;17;
19941015;SA;14;37;21;27;38;
19941015;SA;49;29;5;33;39;
19941012;ME;39;15;22;12;24;
19941012;ME;37;28;20;47;7;
19941008;SA;37;39;43;24;23;
19941008;SA;40;19;14;33;12;
19941005;ME;7;16;38;3;2;
19941005;ME;23;47;5;6;27;
19941001;SA;14;47;31;9;38;
19941001;SA;6;13;43;21;28;
19940928;ME;46;8;37;31;38;
19940928;ME;12;33;32;9;4;
19940924;SA;31;35;48;12;44;
19940924;SA;20;6;9;41;45;
19940921;ME;4;7;26;31;21;
19940921;ME;14;15;39;45;20;
19940917;SA;46;10;49;14;24;
19940917;SA;38;28;27;34;17;
19940914;ME;16;8;47;10;31;
19940914;ME;17;39;21;28;26;
19940910;SA;46;15;20;1;33;
19940910;SA;42;27;19;1;31;
19940907;ME;26;1;6;5;43;
19940907;ME;22;13;19;41;42;
19940903;SA;4;26;15;48;9;
19940903;SA;2;9;22;49;31;
19940831;ME;19;11;1;46;15;
19940831;ME;47;12;1;30;37;
19940827;SA;12;21;13;11;18;
19940827;SA;13;46;25;31;17;
19940824;ME;34;29;8;15;48;
19940824;ME;48;6;5;34;13;
19940820;SA;18;23;2;24;38;
19940820;SA;38;2;19;44;41;
19940817;ME;25;49;12;18;15;
19940817;ME;45;43;18;19;49;
19940813;SA;23;30;13;7;38;
19940813;SA;4;6;17;27;42;
19940810;ME;43;41;20;22;38;
19940810;ME;9;13;32;26;29;
19940806;SA;1;28;46;18;36;
19940806;SA;49;26;36;9;24;
19940803;ME;20;30;48;25;36;
19940803;ME;46;23;15;48;25;
19940730;SA;31;38;36;23;4;
19940730;SA;24;19;18;32;41;
19940727;ME;45;1;37;33;12;
19940727;ME;45;21;3;13;15;
19940723;SA;34;7;2;21;18;
19940723;SA;42;29;30;35;38;
19940720;ME;10;13;24;49;30;
19940720;ME;16;42;22;3;49;
19940716;SA;45;13;10;30;27;
19940716;SA;18;19;27;42;35;
19940713;ME;47;32;39;33;2;
19940713;ME;28;31;22;18;34;
19940709;SA;19;12;15;17;36;
19940709;SA;48;16;12;46;22;
19940706;ME;17;8;22;7;38;
19940706;ME;37;20;34;15;12;
19940702;SA;32;20;31;14;3;
19940702;SA;26;30;18;11;48;
19940629;ME;35;28;5;18;19;
19940629;ME;36;1;8;9;44;
19940625;SA;3;36;7;24;49;
19940625;SA;17;23;16;18;42;
19940622;ME;39;17;10;34;33;
19940622;ME;4;33;9;39;35;
19940618;SA;9;37;38;29;2;
19940618;SA;9;40;29;8;7;
19940615;ME;18;5;41;49;3;
19940615;ME;47;7;5;24;12;
19940611;SA;1;20;18;44;38;
19940611;SA;44;26;48;40;15;
19940608;ME;39;41;7;15;46;
19940608;ME;37;28;12;19;46;
19940604;SA;45;9;26;6;13;
19940604;SA;26;13;46;11;47;
19940601;ME;20;48;7;6;24;
19940601;ME;11;29;23;28;42;
19940528;SA;49;29;19;41;6;
19940528;SA;32;16;35;31;1;
19940525;ME;28;10;27;26;46;
19940525;ME;27;43;36;35;3;
19940521;SA;15;25;2;11;19;
19940521;SA;21;37;47;8;41;
19940518;ME;10;9;25;33;12;
19940518;ME;13;42;6;3;41;
19940514;SA;12;36;26;21;11;
19940514;SA;21;17;15;5;13;
19940511;ME;11;38;19;3;31;
19940511;ME;43;37;13;8;45;
19940507;SA;9;36;10;1;33;
19940507;SA;49;40;28;17;32;
19940504;ME;6;2;26;8;20;
19940504;ME;16;42;9;45;28;
19940430;SA;33;32;36;21;27;
19940430;SA;49;30;47;3;27;
19940427;ME;1;39;23;11;44;
19940427;ME;26;4;24;5;48;
19940423;SA;33;45;1;20;34;
19940423;SA;39;17;28;46;38;
19940420;ME;10;33;12;34;4;
19940420;ME;30;12;48;34;4;
19940416;SA;6;13;35;43;31;
19940416;SA;17;21;19;16;7;
19940413;ME;26;5;32;2;6;
19940413;ME;26;4;11;21;43;
19940409;SA;25;7;4;48;6;
19940409;SA;39;29;23;13;12;
19940406;ME;12;17;32;1;7;
19940406;ME;28;36;16;31;29;
19940402;SA;1;36;46;13;43;
19940402;SA;3;45;31;15;32;
19940330;ME;4;36;15;11;13;
19940330;ME;13;43;42;45;44;
19940326;SA;31;13;47;24;6;
19940326;SA;47;27;17;6;34;
19940323;ME;33;25;49;27;34;
19940323;ME;45;2;40;16;22;
19940319;SA;15;32;7;16;39;
19940319;SA;49;1;19;18;47;
19940316;ME;42;21;35;41;48;
19940316;ME;42;1;32;47;41;
19940312;SA;46;25;21;8;13;
19940312;SA;44;47;5;35;20;
19940309;ME;23;32;46;35;6;
19940309;ME;32;39;38;43;44;
19940305;SA;20;45;49;26;37;
19940305;SA;7;20;26;39;28;
19940302;ME;10;32;7;33;24;
19940302;ME;38;19;37;44;9;
19940226;SA;22;36;5;2;38;
19940226;SA;44;41;15;33;45;
19940223;ME;13;1;30;47;3;
19940223;ME;39;22;38;10;36;
19940219;SA;29;39;32;28;27;
19940219;SA;38;12;43;31;24;
19940216;ME;42;43;21;23;8;
19940216;ME;49;14;25;15;19;
19940212;SA;49;4;13;6;2;
19940212;SA;7;11;17;30;1;
19940209;ME;1;4;24;25;22;
19940209;ME;34;24;41;3;18;
19940205;SA;26;14;23;18;43;
19940205;SA;19;43;6;5;1;
19940202;ME;45;10;11;28;22;
19940202;ME;23;4;36;19;29;
19940129;SA;24;26;23;41;36;
19940129;SA;43;3;14;11;6;
19940126;ME;22;16;20;1;4;
19940126;ME;15;39;6;16;29;
19940122;SA;45;42;19;12;25;
19940122;SA;42;30;25;35;10;
19940119;ME;39;24;19;46;6;
19940119;ME;18;13;35;19;45;
19940115;SA;43;10;47;19;44;
19940115;SA;29;3;5;13;8;
19940112;ME;27;41;40;43;44;
19940112;ME;12;13;14;35;36;
19940108;SA;44;9;23;29;19;
19940108;SA;27;43;32;24;48;
19940105;ME;4;8;26;14;38;
19940105;ME;27;32;26;6;39;
19940101;SA;38;39;33;30;17;
19940101;SA;25;11;22;2;28;
19931229;ME;12;39;21;45;32;
19931229;ME;7;27;6;38;33;
19931225;SA;8;43;40;12;2;
19931225;SA;10;49;27;33;36;
19931222;ME;45;4;24;43;37;
19931222;ME;15;32;12;21;2;
19931218;SA;17;20;47;29;39;
19931218;SA;49;23;6;24;17;
19931215;ME;13;33;5;46;21;
19931215;ME;23;1;37;34;42;
19931211;SA;38;15;40;46;19;
19931211;SA;35;43;40;27;32;
19931208;ME;2;21;25;9;5;
19931208;ME;14;44;3;11;40;
19931204;SA;23;20;36;46;14;
19931204;SA;19;8;2;27;21;
19931201;ME;2;8;24;10;26;
19931201;ME;19;12;13;41;40;
19931127;SA;3;45;35;18;49;
19931127;SA;49;43;41;7;38;
19931124;ME;11;35;8;14;20;
19931124;ME;24;22;40;25;42;
19931120;SA;9;39;17;29;47;
19931120;SA;33;2;4;36;3;
19931117;ME;49;41;24;33;46;
19931117;ME;23;7;9;27;26;
19931113;SA;35;26;33;11;49;
19931113;SA;6;4;20;39;31;
19931110;ME;30;40;45;10;22;
19931110;ME;40;45;35;21;5;
19931106;SA;21;38;33;14;49;
19931106;SA;49;6;18;44;40;
19931103;ME;14;38;6;43;20;
19931103;ME;46;19;24;3;48;
19931030;SA;9;17;19;36;13;
19931030;SA;42;38;11;10;14;
19931027;ME;13;22;43;16;15;
19931027;ME;2;33;14;1;34;
19931023;SA;46;15;27;28;25;
19931023;SA;6;13;35;24;20;
19931020;ME;39;9;27;15;26;
19931020;ME;18;49;14;23;38;
19931016;SA;49;4;47;9;45;
19931016;SA;18;39;29;9;7;
19931013;ME;43;48;32;11;13;
19931013;ME;18;29;4;15;42;
19931009;SA;45;32;13;18;43;
19931009;SA;31;44;2;41;49;
19931006;ME;46;9;14;1;35;
19931006;ME;30;46;3;7;39;
19931002;SA;39;40;15;9;27;
19931002;SA;43;10;29;1;27;
19930929;ME;41;9;31;11;10;
19930929;ME;5;47;39;44;23;
19930925;SA;15;13;27;12;11;
19930925;SA;5;44;45;7;17;
19930922;ME;44;22;1;7;24;
19930922;ME;4;10;7;38;11;
19930918;SA;29;37;25;33;13;
19930918;SA;49;36;18;17;32;
19930915;ME;32;34;29;43;45;
19930915;ME;30;35;9;44;19;
19930911;SA;10;31;47;38;14;
19930911;SA;14;32;36;11;7;
19930908;ME;40;10;49;47;15;
19930908;ME;1;42;22;23;43;
19930904;SA;38;1;7;5;49;
19930904;SA;47;36;46;32;37;
19930901;ME;29;19;8;44;23;
19930901;ME;1;38;12;7;14;
19930828;SA;37;30;27;18;49;
19930828;SA;21;3;47;35;17;
19930825;ME;39;46;44;12;22;
19930825;ME;15;17;3;1;2;
19930821;SA;4;28;40;46;10;
19930821;SA;9;7;44;48;20;
19930818;ME;8;35;39;14;20;
19930818;ME;12;49;45;30;24;
19930814;SA;44;30;9;17;41;
19930814;SA;27;47;20;31;8;
19930811;ME;8;14;34;49;6;
19930811;ME;9;46;10;26;18;
19930807;SA;7;46;35;22;48;
19930807;SA;27;48;17;4;20;
19930804;ME;3;24;34;45;44;
19930804;ME;44;21;4;8;45;
19930731;SA;8;26;9;35;5;
19930731;SA;3;4;26;19;43;
19930728;ME;48;3;49;20;7;
19930728;ME;31;25;8;19;44;
19930724;SA;44;13;42;26;38;
19930724;SA;23;42;45;30;33;
19930721;ME;34;35;23;43;24;
19930721;ME;20;49;9;40;32;
19930717;SA;35;36;29;31;37;
19930717;SA;10;23;34;40;48;
19930714;ME;46;7;45;9;38;
19930714;ME;43;12;9;2;10;
19930710;SA;40;20;25;49;45;
19930710;SA;45;32;4;8;3;
19930707;ME;37;25;35;32;8;
19930707;ME;37;34;28;36;48;
19930703;SA;5;2;42;20;27;
19930703;SA;15;47;42;11;13;
19930630;ME;22;20;11;28;44;
19930630;ME;34;14;11;36;26;
19930626;SA;16;31;2;4;28;
19930626;SA;22;24;21;47;40;
19930623;ME;23;17;16;48;12;
19930623;ME;6;40;32;13;38;
19930619;SA;2;40;16;46;8;
19930619;SA;39;42;22;37;9;
19930616;ME;29;34;25;15;14;
19930616;ME;14;31;27;45;35;
19930612;SA;34;40;48;44;28;
19930612;SA;10;47;33;39;42;
19930609;ME;18;33;39;44;4;
19930609;ME;6;47;11;34;42;
19930605;SA;19;15;2;45;49;
19930605;SA;3;30;9;46;19;
19930602;ME;30;18;47;14;31;
19930602;ME;37;6;5;1;46;
19930529;SA;36;18;17;16;20;
19930529;SA;33;39;1;42;8;
19930526;ME;2;39;35;3;6;
19930526;ME;23;3;16;47;35;
19930522;SA;43;36;6;49;31;
19930522;SA;28;6;22;19;20;
19930519;ME;40;45;4;23;8;
19930519;ME;2;27;12;43;28;
19930515;SA;21;47;1;28;6;
19930515;SA;21;39;22;6;44;
19930512;ME;17;40;21;34;27;
19930512;ME;11;16;49;22;21;
19930508;SA;9;8;34;36;15;
19930508;SA;1;31;20;30;11;
19930505;ME;15;37;26;11;20;
19930505;ME;6;40;46;27;21;
19930501;SA;25;6;34;16;7;
19930501;SA;29;45;15;7;33;
19930428;ME;27;30;16;37;49;
19930428;ME;47;45;43;4;27;
19930424;SA;41;14;38;29;4;
19930424;SA;1;27;10;22;13;
19930421;ME;19;13;37;38;17;
19930421;ME;36;45;25;12;42;
19930417;SA;9;48;31;43;34;
19930417;SA;39;30;23;14;16;
19930414;ME;4;30;12;9;23;
19930414;ME;35;4;15;30;46;
19930410;SA;42;40;16;25;28;
19930410;SA;47;39;45;12;37;
19930407;ME;11;37;35;7;33;
19930407;ME;28;15;23;7;19;
19930403;SA;5;49;14;26;38;
19930403;SA;23;40;36;5;32;
19930331;ME;17;7;22;3;39;
19930331;ME;13;44;22;40;11;
19930327;SA;25;18;42;39;32;
19930327;SA;19;10;40;3;22;
19930324;ME;49;14;13;18;4;
19930324;ME;19;27;30;17;12;
19930320;SA;42;38;30;6;46;
19930320;SA;8;25;49;21;5;
19930317;ME;40;43;38;28;19;
19930317;ME;8;41;2;14;11;
19930313;SA;20;3;23;39;18;
19930313;SA;3;33;15;43;47;
19930310;ME;34;30;42;20;35;
19930310;ME;31;12;49;23;43;
19930306;SA;12;36;29;16;37;
19930306;SA;7;26;47;27;16;
19930303;ME;36;30;32;47;28;
19930303;ME;11;2;37;25;18;
19930227;SA;9;28;18;13;30;
19930227;SA;19;7;25;20;4;
19930224;ME;14;39;6;41;16;
19930224;ME;27;44;23;32;31;
19930220;SA;8;17;25;45;23;
19930220;SA;10;6;48;42;8;
19930217;ME;17;14;32;33;16;
19930217;ME;44;19;36;5;49;
19930213;SA;25;48;15;20;47;
19930213;SA;39;43;12;34;8;
19930210;ME;46;42;33;41;7;
19930210;ME;24;31;18;39;20;
19930206;SA;27;16;2;5;10;
19930206;SA;14;40;45;48;5;
19930203;ME;49;21;36;40;28;
19930203;ME;33;40;3;1;6;
19930130;SA;26;29;43;7;34;
19930130;SA;26;38;49;48;7;
19930127;ME;3;11;21;48;16;
19930127;ME;48;2;17;13;31;
19930123;SA;15;13;30;12;7;
19930123;SA;49;43;28;41;5;
19930120;ME;24;22;6;25;31;
19930120;ME;23;11;47;49;30;
19930116;SA;17;33;40;35;12;
19930116;SA;3;36;13;44;42;
19930113;ME;9;44;38;7;21;
19930113;ME;27;5;29;34;16;
19930109;SA;36;9;8;37;17;
19930109;SA;31;16;40;22;14;
19930106;ME;38;47;9;1;12;
19930106;ME;43;35;26;31;3;
19930102;SA;46;44;36;40;1;
19930102;SA;40;7;22;1;38;
19921230;ME;34;29;39;7;28;
19921230;ME;11;1;18;25;24;
19921226;SA;19;26;37;32;33;
19921226;SA;18;49;29;23;8;
19921223;ME;7;3;1;13;39;
19921223;ME;39;35;36;17;25;
19921219;SA;47;3;29;4;8;
19921219;SA;10;3;2;29;26;
19921216;ME;48;23;36;16;6;
19921216;ME;2;46;47;43;10;
19921212;SA;41;22;6;23;1;
19921212;SA;28;2;7;20;46;
19921209;ME;7;6;20;3;14;
19921209;ME;49;6;3;48;22;
19921205;SA;45;36;10;19;48;
19921205;SA;47;28;14;33;31;
19921202;ME;1;25;3;43;10;
19921202;ME;3;9;6;28;44;
19921128;SA;18;14;19;5;23;
19921128;SA;8;4;41;9;26;
19921125;ME;44;13;30;19;5;
19921125;ME;3;30;23;41;19;
19921121;SA;27;26;2;34;41;
19921121;SA;21;44;39;6;11;
19921118;ME;24;27;30;46;42;
19921118;ME;48;28;23;40;44;
19921114;SA;9;12;30;28;35;
19921114;SA;44;35;14;10;30;
19921111;ME;14;10;32;26;23;
19921111;ME;47;46;24;17;28;
19921107;SA;39;32;24;4;41;
19921107;SA;35;36;17;28;47;
19921104;ME;28;21;29;5;32;
19921104;ME;47;40;24;48;5;
19921031;SA;41;42;43;44;38;
19921031;SA;48;30;8;37;27;
19921028;ME;27;46;6;15;19;
19921028;ME;35;18;40;7;6;
19921024;SA;7;21;28;44;47;
19921024;SA;20;12;4;2;27;
19921021;ME;22;31;36;16;6;
19921021;ME;26;19;1;23;18;
19921017;SA;16;36;27;49;33;
19921017;SA;41;45;23;42;20;
19921014;ME;41;49;23;6;8;
19921014;ME;24;34;6;29;45;
19921010;SA;7;31;11;34;33;
19921010;SA;2;43;35;17;28;
19921007;ME;41;27;35;20;44;
19921007;ME;34;17;48;28;41;
19921003;SA;4;44;10;24;33;
19921003;SA;36;29;7;23;20;
19920930;ME;49;28;37;17;41;
19920930;ME;23;49;45;31;11;
19920926;SA;4;33;15;27;44;
19920926;SA;45;12;24;7;26;
19920923;ME;46;18;47;35;23;
19920923;ME;47;19;4;29;48;
19920919;SA;11;18;39;17;33;
19920919;SA;40;37;10;31;12;
19920916;ME;36;21;24;23;44;
19920916;ME;24;36;44;3;23;
19920912;SA;23;42;47;8;41;
19920912;SA;17;29;32;4;16;
19920909;ME;28;22;27;49;19;
19920909;ME;12;13;18;1;20;
19920905;SA;9;26;37;41;44;
19920905;SA;1;6;31;32;46;
19920902;ME;26;12;1;22;40;
19920902;ME;48;1;45;33;30;
19920829;SA;12;38;45;11;6;
19920829;SA;8;26;13;44;17;
19920826;ME;18;1;8;9;3;
19920826;ME;28;23;2;27;35;
19920822;SA;3;40;35;14;26;
19920822;SA;49;48;11;30;7;
19920819;ME;8;26;45;31;6;
19920819;ME;5;6;37;41;33;
19920815;SA;32;38;9;26;35;
19920815;SA;5;17;40;20;37;
19920812;ME;24;43;11;16;48;
19920812;ME;14;16;11;44;7;
19920808;SA;17;6;35;36;1;
19920808;SA;49;6;47;34;23;
19920805;ME;31;10;47;36;34;
19920805;ME;8;10;30;2;22;
19920801;SA;17;25;41;7;27;
19920801;SA;39;11;12;42;4;
19920729;ME;43;1;34;47;42;
19920729;ME;34;15;37;7;35;
19920725;SA;33;46;18;13;39;
19920725;SA;25;15;32;43;22;
19920722;ME;17;11;27;26;36;
19920722;ME;36;40;37;16;1;
19920718;SA;7;22;2;46;15;
19920718;SA;36;12;28;11;41;
19920715;ME;43;15;33;3;32;
19920715;ME;43;36;8;17;7;
19920711;SA;42;45;23;32;12;
19920711;SA;46;28;2;25;45;
19920708;ME;14;29;34;13;4;
19920708;ME;1;31;13;44;40;
19920704;SA;22;43;31;18;4;
19920704;SA;39;46;8;17;10;
19920701;ME;41;29;35;48;7;
19920701;ME;44;42;29;48;5;
19920627;SA;48;15;22;47;11;
19920627;SA;5;20;8;46;7;
19920624;ME;41;2;26;12;11;
19920624;ME;14;10;20;41;31;
19920620;SA;11;23;6;35;17;
19920620;SA;8;23;40;10;19;
19920617;ME;43;30;5;36;24;
19920617;ME;7;6;40;25;45;
19920613;SA;8;23;6;11;27;
19920613;SA;45;11;12;9;23;
19920610;ME;32;4;8;29;10;
19920610;ME;4;30;23;18;48;
19920606;SA;4;19;3;16;48;
19920606;SA;14;45;5;12;29;
19920603;ME;5;17;44;24;2;
19920603;ME;38;20;41;2;35;
19920530;SA;9;26;34;27;39;
19920530;SA;4;28;46;34;10;
19920527;ME;34;38;11;17;27;
19920527;ME;4;1;48;26;25;
19920523;SA;1;44;5;11;43;
19920523;SA;31;7;33;32;13;
19920520;ME;1;18;33;25;47;
19920520;ME;43;41;29;36;49;
19920516;SA;41;11;14;24;46;
19920516;SA;24;5;6;27;19;
19920513;ME;9;18;14;42;48;
19920513;ME;45;12;17;35;24;
19920509;SA;20;26;34;30;42;
19920509;SA;42;30;47;29;10;
19920506;ME;23;38;18;36;21;
19920506;ME;41;24;14;32;22;
19920502;SA;33;5;11;47;26;
19920502;SA;41;19;28;29;12;
19920429;ME;25;45;16;20;39;
19920429;ME;1;31;17;20;10;
19920425;SA;33;4;47;20;28;
19920425;SA;31;23;7;42;34;
19920422;ME;16;43;24;30;5;
19920422;ME;28;41;35;18;24;
19920418;SA;3;49;4;21;36;
19920418;SA;35;11;45;36;41;
19920415;ME;15;38;14;45;6;
19920415;ME;9;42;31;19;18;
19920411;SA;36;13;43;11;5;
19920411;SA;33;17;10;20;44;
19920408;ME;39;16;18;48;30;
19920408;ME;35;11;38;33;25;
19920404;SA;36;16;6;35;32;
19920404;SA;27;26;17;39;36;
19920401;ME;7;42;37;47;25;
19920401;ME;42;43;12;28;30;
19920328;SA;36;21;23;6;47;
19920328;SA;37;6;29;9;25;
19920325;ME;21;13;30;39;43;
19920325;ME;13;48;28;7;10;
19920321;SA;18;4;8;37;10;
19920321;SA;18;49;43;34;16;
19920318;ME;30;20;1;46;6;
19920318;ME;36;34;37;41;11;
19920314;SA;7;8;1;4;23;
19920314;SA;29;30;40;17;22;
19920311;ME;22;10;29;16;27;
19920311;ME;9;2;43;4;21;
19920307;SA;48;11;24;32;23;
19920307;SA;33;45;11;44;35;
19920304;ME;30;15;35;1;46;
19920304;ME;19;4;7;34;38;
19920229;SA;32;41;37;38;30;
19920229;SA;47;6;25;28;38;
19920226;ME;43;47;26;8;14;
19920226;ME;22;42;12;44;4;
19920222;SA;38;45;31;17;5;
19920222;SA;1;29;35;13;43;
19920219;ME;28;38;47;40;45;
19920219;ME;41;8;9;14;24;
19920215;SA;44;47;24;42;37;
19920215;SA;36;7;44;31;9;
19920212;ME;25;5;12;10;9;
19920212;ME;30;24;25;42;47;
19920208;SA;3;9;34;1;18;
19920208;SA;24;25;29;34;39;
19920205;ME;25;43;22;49;48;
19920205;ME;37;38;29;24;26;
19920201;SA;20;19;3;42;18;
19920201;SA;17;23;9;35;39;
19920129;ME;5;43;48;23;25;
19920129;ME;41;37;29;6;33;
19920125;SA;10;27;8;6;39;
19920125;SA;45;38;27;29;3;
19920122;ME;41;4;7;23;39;
19920122;ME;36;10;16;26;17;
19920118;SA;31;27;16;46;1;
19920118;SA;25;7;18;24;27;
19920115;ME;32;24;28;29;46;
19920115;ME;2;32;20;1;22;
19920111;SA;23;21;8;47;27;
19920111;SA;4;44;14;37;2;
19920108;ME;48;40;21;31;17;
19920108;ME;5;7;11;47;25;
19920104;SA;44;13;42;33;37;
19920104;SA;31;16;9;23;20;
19920101;ME;28;42;35;1;13;
19920101;ME;4;37;20;25;26;
19911228;SA;18;35;8;44;3;
19911228;SA;17;1;28;33;45;
19911225;ME;24;25;27;28;49;
19911225;ME;15;25;3;26;22;
19911221;SA;18;28;3;7;34;
19911221;SA;2;29;18;39;41;
19911218;ME;49;12;14;36;40;
19911218;ME;35;32;47;2;9;
19911214;SA;15;23;2;33;24;
19911214;SA;35;33;9;23;19;
19911211;ME;8;22;40;9;38;
19911211;ME;47;39;11;43;4;
19911207;SA;44;30;12;40;10;
19911207;SA;37;16;7;8;31;
19911204;ME;35;48;36;23;39;
19911204;ME;7;43;34;47;33;
19911130;SA;5;12;17;27;21;
19911130;SA;30;2;25;32;1;
19911127;ME;45;10;13;48;34;
19911127;ME;9;33;38;16;45;
19911123;SA;31;7;13;32;23;
19911123;SA;49;45;15;42;36;
19911120;ME;46;10;12;49;3;
19911120;ME;42;35;20;24;18;
19911116;SA;40;28;35;34;27;
19911116;SA;44;9;16;38;23;
19911113;ME;42;49;14;34;12;
19911113;ME;42;16;15;22;26;
19911109;SA;20;4;42;1;40;
19911109;SA;24;38;9;23;18;
19911106;ME;9;2;24;48;18;
19911106;ME;30;7;37;48;49;
19911102;SA;49;40;36;16;41;
19911102;SA;46;34;35;15;43;
19911030;ME;8;27;46;10;6;
19911030;ME;38;37;39;29;35;
19911026;SA;45;33;14;1;16;
19911026;SA;27;6;16;15;41;
19911023;ME;23;10;35;12;5;
19911023;ME;42;14;47;45;35;
19911019;SA;24;20;28;12;1;
19911019;SA;43;47;17;11;34;
19911016;ME;13;41;30;1;36;
19911016;ME;18;34;38;15;7;
19911012;SA;6;44;1;25;26;
19911012;SA;34;31;14;28;11;
19911009;ME;2;7;47;26;30;
19911009;ME;29;33;23;22;25;
19911005;SA;12;40;31;28;26;
19911005;SA;11;36;23;27;24;
19911002;ME;40;45;16;18;43;
19911002;ME;15;2;18;28;34;
19910928;SA;13;27;4;6;39;
19910928;SA;49;14;4;46;16;
19910925;ME;8;48;45;44;26;
19910925;ME;26;49;36;23;7;
19910921;SA;21;14;17;10;44;
19910921;SA;17;39;47;21;40;
19910918;ME;17;16;1;30;2;
19910918;ME;21;29;33;15;44;
19910914;SA;34;24;16;5;45;
19910914;SA;34;13;14;45;37;
19910911;ME;31;36;26;43;49;
19910911;ME;25;12;34;43;5;
19910907;SA;4;11;38;28;49;
19910907;SA;46;27;25;43;14;
19910904;ME;9;25;10;35;12;
19910904;ME;2;15;34;25;17;
19910831;SA;7;43;19;49;44;
19910831;SA;36;28;34;25;12;
19910828;ME;42;8;40;13;19;
19910828;ME;22;16;40;7;1;
19910824;SA;36;5;43;28;45;
19910824;SA;5;31;35;28;18;
19910821;ME;38;33;11;37;20;
19910821;ME;44;6;27;9;11;
19910817;SA;49;4;30;28;48;
19910817;SA;35;17;44;24;46;
19910814;ME;19;12;49;36;34;
19910814;ME;38;49;18;23;3;
19910810;SA;31;44;26;39;18;
19910810;SA;44;41;6;45;15;
19910807;ME;3;1;16;39;13;
19910807;ME;17;3;21;27;42;
19910803;SA;6;36;23;16;20;
19910803;SA;13;30;20;7;46;
19910731;ME;19;49;32;4;26;
19910731;ME;30;40;44;20;38;
19910727;SA;42;18;14;4;20;
19910727;SA;34;42;1;24;39;
19910724;ME;9;45;38;22;26;
19910724;ME;37;47;10;8;32;
19910720;SA;10;39;24;36;15;
19910720;SA;2;6;49;43;22;
19910717;ME;21;8;19;10;28;
19910717;ME;47;26;40;15;6;
19910713;SA;34;32;42;13;29;
19910713;SA;1;6;36;28;37;
19910710;ME;19;49;45;27;44;
19910710;ME;3;22;28;38;7;
19910706;SA;35;9;6;29;7;
19910706;SA;35;18;47;9;4;
19910703;ME;26;22;29;45;36;
19910703;ME;11;21;19;32;36;
19910629;SA;35;31;24;47;9;
19910629;SA;41;40;5;16;19;
19910626;ME;4;14;10;22;9;
19910626;ME;21;32;35;16;3;
19910622;SA;44;10;35;5;24;
19910622;SA;20;13;38;29;12;
19910619;ME;24;37;49;32;46;
19910619;ME;39;32;27;37;6;
19910615;SA;39;8;3;30;22;
19910615;SA;25;5;7;30;19;
19910612;ME;41;13;30;1;9;
19910612;ME;19;23;49;12;7;
19910608;SA;7;31;30;42;13;
19910608;SA;18;43;34;16;35;
19910605;ME;9;39;19;15;37;
19910605;ME;40;17;37;19;3;
19910601;SA;23;27;5;8;43;
19910601;SA;43;19;46;32;45;
19910529;ME;36;3;12;1;8;
19910529;ME;9;17;42;40;33;
19910525;SA;9;8;45;11;44;
19910525;SA;24;22;9;44;35;
19910522;ME;27;18;48;42;4;
19910522;ME;27;12;37;32;7;
19910518;SA;18;39;30;38;12;
19910518;SA;29;9;41;17;13;
19910515;ME;21;6;44;47;46;
19910515;ME;3;36;41;21;11;
19910511;SA;10;14;1;20;17;
19910511;SA;16;2;30;49;28;
19910508;ME;3;36;21;19;15;
19910508;ME;6;5;48;34;10;
19910504;SA;21;49;24;9;6;
19910504;SA;32;31;21;40;49;
19910501;ME;34;2;10;5;40;
19910501;ME;2;42;29;47;28;
19910427;SA;3;34;36;48;37;
19910427;SA;45;4;21;39;36;
19910424;ME;5;7;21;32;44;
19910424;ME;31;6;22;28;9;
19910420;SA;44;32;28;43;46;
19910420;SA;40;11;25;8;6;
19910417;ME;8;49;30;6;15;
19910417;ME;10;14;21;13;28;
19910413;SA;40;2;18;46;10;
19910413;SA;31;49;37;41;39;
19910410;ME;49;13;4;14;12;
19910410;ME;2;36;22;23;21;
19910406;SA;1;33;41;39;8;
19910406;SA;23;14;1;33;35;
19910403;ME;30;21;14;13;3;
19910403;ME;37;12;39;33;46;
19910330;SA;12;29;33;31;10;
19910330;SA;21;19;31;1;28;
19910327;ME;38;27;34;48;14;
19910327;ME;45;2;15;5;39;
19910323;SA;15;22;33;9;40;
19910323;SA;37;13;26;3;18;
19910320;ME;31;1;7;45;35;
19910320;ME;1;38;23;37;35;
19910316;SA;7;22;40;11;23;
19910316;SA;13;45;35;20;46;
19910313;ME;36;4;42;26;31;
19910313;ME;34;8;38;48;9;
19910309;SA;16;18;3;45;6;
19910309;SA;37;38;27;21;6;
19910306;ME;21;38;24;32;42;
19910306;ME;27;36;43;48;14;
19910302;SA;41;49;30;4;12;
19910302;SA;32;14;46;18;5;
19910227;ME;48;9;25;17;31;
19910227;ME;30;26;4;23;48;
19910223;SA;10;44;28;6;1;
19910223;SA;25;19;1;21;15;
19910220;ME;10;32;24;3;18;
19910220;ME;23;17;42;29;36;
19910216;SA;44;4;20;19;10;
19910216;SA;19;35;47;20;6;
19910213;ME;8;42;11;44;13;
19910213;ME;23;47;41;1;40;
19910209;SA;7;41;47;19;40;
19910209;SA;2;18;12;35;24;
19910206;ME;6;12;39;16;11;
19910206;ME;47;32;44;18;30;
19910202;SA;38;4;26;23;48;
19910202;SA;22;7;11;3;38;
19910130;ME;5;14;34;38;46;
19910130;ME;37;5;26;17;2;
19910126;SA;40;2;19;3;32;
19910126;SA;38;42;5;27;23;
19910123;ME;41;16;33;3;20;
19910123;ME;19;20;38;39;12;
19910119;SA;28;20;12;4;27;
19910119;SA;17;5;43;35;47;
19910116;ME;43;9;38;4;7;
19910116;ME;47;7;2;32;17;
19910112;SA;21;29;3;49;27;
19910112;SA;41;40;1;45;46;
19910109;ME;6;11;43;32;29;
19910109;ME;25;44;16;37;34;
19910105;SA;36;15;13;26;19;
19910105;SA;8;46;13;39;32;
19910102;ME;6;4;8;45;11;
19910102;ME;49;38;30;1;31;
19901229;SA;29;32;15;28;14;
19901229;SA;32;38;6;33;47;
19901226;ME;33;1;9;41;3;
19901226;ME;7;16;25;8;19;
19901222;SA;7;45;17;5;31;
19901222;SA;1;5;43;9;8;
19901219;ME;33;41;49;3;2;
19901219;ME;3;24;36;6;43;
19901215;SA;19;48;3;37;17;
19901215;SA;37;42;2;49;30;
19901212;ME;12;7;5;13;47;
19901212;ME;43;40;2;45;33;
19901208;SA;22;9;27;6;24;
19901208;SA;1;20;12;28;30;
19901205;ME;24;32;2;23;46;
19901205;ME;27;15;22;14;4;
19901201;SA;17;20;7;32;16;
19901201;SA;1;10;34;16;48;
19901128;ME;45;43;26;49;46;
19901128;ME;2;34;21;45;32;
19901124;SA;17;16;33;3;5;
19901124;SA;40;13;36;5;27;
19901121;ME;30;49;13;44;45;
19901121;ME;28;42;9;38;35;
19901117;SA;26;18;29;49;21;
19901117;SA;31;12;15;5;33;
19901114;ME;40;30;47;23;43;
19901114;ME;6;5;49;20;41;
19901110;SA;33;8;45;27;5;
19901110;SA;40;31;23;38;32;
19901107;ME;1;36;44;21;38;
19901107;ME;10;19;14;1;48;
19901103;SA;47;38;34;30;19;
19901103;SA;30;18;15;45;33;
19901031;ME;30;36;15;34;1;
19901031;ME;24;16;1;5;18;
19901027;SA;8;24;14;5;39;
19901027;SA;4;5;28;11;10;
19901024;ME;6;29;10;17;40;
19901024;ME;3;30;49;48;41;
19901020;SA;22;37;15;4;35;
19901020;SA;3;1;30;12;6;
19901017;ME;26;29;19;30;49;
19901017;ME;3;26;9;11;5;
19901013;SA;34;1;41;23;22;
19901013;SA;16;25;21;31;33;
19901010;ME;43;11;17;39;38;
19901010;ME;6;21;23;32;37;
19901006;SA;44;24;31;25;4;
19901006;SA;24;13;48;8;42;
19901003;ME;9;14;24;5;2;
19901003;ME;40;48;36;35;23;
19900929;SA;4;6;33;13;8;
19900929;SA;12;7;39;8;4;
19900926;ME;46;22;38;7;42;
19900926;ME;28;42;49;40;37;
19900922;SA;5;40;39;21;47;
19900922;SA;48;30;11;33;13;
19900919;ME;6;48;5;3;34;
19900919;ME;35;6;27;49;21;
19900915;SA;41;2;6;37;48;
19900915;SA;46;47;41;49;7;
19900912;ME;16;22;9;49;47;
19900912;ME;39;27;41;43;7;
19900908;SA;10;3;38;20;7;
19900905;ME;12;42;30;9;10;
19900901;SA;23;2;15;5;43;
19900829;ME;38;21;25;46;5;
19900825;SA;19;31;1;18;24;
19900822;ME;49;7;22;16;28;
19900818;SA;31;21;38;37;26;
19900815;ME;45;44;49;15;47;
19900811;SA;43;20;17;21;26;
19900808;ME;29;18;37;26;44;
19900804;SA;24;6;19;22;25;
19900801;ME;49;2;45;19;16;
19900728;SA;37;31;33;14;29;
19900725;ME;4;7;16;32;20;
19900721;SA;30;19;1;21;41;
19900718;ME;40;13;46;45;32;
19900714;SA;13;28;6;33;30;
19900711;ME;33;20;29;25;47;
19900707;SA;30;18;46;49;32;
19900704;ME;8;37;49;18;15;
19900630;SA;34;3;37;24;17;
19900627;ME;47;42;29;8;1;
19900623;SA;37;38;31;39;48;
19900620;ME;46;31;16;35;5;
19900616;SA;43;41;31;29;15;
19900613;ME;21;33;36;24;18;
19900609;SA;40;18;39;15;43;
19900606;ME;23;44;17;32;12;
19900602;SA;19;26;32;13;28;
19900530;ME;20;15;41;3;16;
19900526;SA;37;27;2;19;6;
19900523;ME;16;7;40;10;20;
19900519;SA;19;32;34;45;26;
19900516;ME;5;44;26;45;27;
19900512;SA;25;24;7;49;4;
19900509;ME;16;39;32;14;9;
19900505;SA;20;24;30;36;32;
19900502;ME;14;12;36;3;19;
19900428;SA;11;40;3;29;23;
19900425;ME;37;49;11;2;28;
19900421;SA;28;36;8;40;21;
19900418;ME;44;31;48;13;20;
19900414;SA;46;22;27;20;5;
19900411;ME;49;30;18;43;33;
19900407;SA;19;13;11;32;20;
19900404;ME;18;34;6;8;32;
19900331;SA;45;43;20;16;25;
19900328;ME;28;4;20;44;19;
19900324;SA;8;23;22;35;24;
19900321;ME;30;17;2;42;49;
19900317;SA;39;22;19;15;44;
19900314;ME;29;3;38;46;9;
19900310;SA;24;1;23;19;15;
19900307;ME;25;49;8;14;9;
19900303;SA;39;2;10;3;38;
19900228;ME;37;28;41;20;4;
19900224;SA;13;25;6;24;4;
19900221;ME;19;26;1;9;43;
19900217;SA;37;46;23;48;24;
19900214;ME;16;48;49;22;44;
19900210;SA;29;36;10;18;15;
19900207;ME;49;23;21;42;8;
19900203;SA;11;44;31;36;45;
19900131;ME;20;8;28;3;14;
19900127;SA;43;15;28;35;13;
19900124;ME;12;45;11;22;13;
19900120;SA;22;20;9;26;34;
19900117;ME;29;14;37;2;46;
19900113;SA;2;34;42;40;28;
19900110;ME;25;37;26;48;2;
19900106;SA;42;21;20;24;28;
19900103;ME;31;30;5;44;8;
19891230;SA;24;8;13;6;42;
19891227;ME;39;37;20;27;43;
19891223;SA;19;29;32;4;7;
19891220;ME;19;36;7;43;38;
19891216;SA;45;29;20;14;8;
19891213;ME;38;46;6;4;40;
19891209;SA;46;43;25;16;8;
19891206;ME;45;10;33;21;20;
19891202;SA;49;18;11;2;46;
19891129;ME;30;35;11;22;40;
19891125;SA;31;15;49;46;3;
19891122;ME;39;8;32;22;21;
19891118;SA;37;8;14;40;15;
19891115;ME;24;34;29;38;46;
19891111;SA;44;49;11;17;42;
19891108;ME;43;21;19;10;35;
19891104;SA;10;23;29;37;47;
19891101;ME;42;10;47;26;30;
19891028;SA;11;16;5;33;25;
19891025;ME;24;18;15;45;28;
19891021;SA;32;30;1;38;43;
19891018;ME;41;48;23;9;4;
19891014;SA;33;48;28;32;23;
19891011;ME;17;15;5;43;45;
19891007;SA;3;7;13;35;46;
19891004;ME;9;19;45;29;18;
19890930;SA;16;23;43;24;27;
19890927;ME;17;40;30;16;20;
19890923;SA;9;36;42;11;27;
19890920;ME;10;24;46;18;35;
19890916;SA;26;45;46;7;25;
19890913;ME;26;41;25;37;38;
19890909;SA;38;42;23;36;11;
19890906;ME;16;14;46;11;38;
19890902;SA;40;36;34;39;22;
19890830;ME;19;4;46;35;15;
19890826;SA;18;16;31;21;38;
19890823;ME;5;37;19;25;44;
19890819;SA;11;5;46;22;1;
19890816;ME;49;5;40;28;20;
19890812;SA;26;37;8;20;19;
19890809;ME;10;19;20;44;39;
19890805;SA;23;39;44;40;38;
19890802;ME;27;11;49;41;35;
19890729;SA;17;7;18;24;45;
19890726;ME;28;4;3;24;48;
19890722;SA;34;9;44;42;15;
19890719;ME;16;29;28;44;20;
19890715;SA;4;18;30;19;37;
19890712;ME;40;6;23;21;19;
19890708;SA;21;19;38;11;23;
19890705;ME;16;37;36;38;27;
19890701;SA;37;45;4;43;38;
19890628;ME;10;4;25;34;14;
19890624;SA;14;30;34;38;33;
19890621;ME;31;4;20;32;8;
19890617;SA;17;33;28;21;49;
19890614;ME;47;37;27;19;18;
19890610;SA;43;18;4;45;12;
19890607;ME;3;23;26;13;4;
19890603;SA;36;33;47;14;26;
19890531;ME;37;32;19;48;1;
19890527;SA;5;24;45;18;34;
19890524;ME;47;7;35;49;2;
19890520;SA;17;32;36;31;16;
19890517;ME;6;22;24;47;11;
19890513;SA;14;1;34;4;8;
19890510;ME;19;46;38;30;34;
19890506;SA;36;10;46;41;24;
19890503;ME;49;41;42;39;18;
19890429;SA;34;12;5;46;33;
19890426;ME;29;1;8;31;33;
19890422;SA;36;22;6;48;41;
19890419;ME;11;1;10;18;16;
19890415;SA;36;29;34;10;13;
19890412;ME;24;6;16;41;26;
19890408;SA;30;18;42;2;24;
19890405;ME;21;39;31;6;33;
19890401;SA;24;44;1;17;38;
19890329;ME;11;4;19;2;22;
19890325;SA;17;16;45;37;25;
19890322;ME;35;41;20;49;33;
19890318;SA;3;31;22;13;42;
19890315;ME;8;17;37;3;28;
19890311;SA;19;26;30;20;45;
19890308;ME;34;9;13;42;35;
19890304;SA;18;49;29;13;31;
19890301;ME;49;38;35;2;21;
19890225;SA;36;35;22;16;37;
19890222;ME;14;32;16;3;15;
19890218;SA;4;26;27;32;18;
19890215;ME;8;30;45;28;26;
19890211;SA;3;33;9;25;8;
19890208;ME;17;37;30;48;23;
19890204;SA;40;21;18;22;46;
19890201;ME;14;42;41;30;9;
19890128;SA;43;1;5;48;24;
19890125;ME;27;31;16;19;15;
19890121;SA;17;36;32;42;33;
19890118;ME;1;22;31;2;43;
19890114;SA;22;39;49;25;10;
19890111;ME;49;38;28;34;43;
19890107;SA;24;3;12;1;42;
19890104;ME;16;8;7;40;19;
19881231;SA;40;46;42;30;33;
19881228;ME;1;34;15;22;26;
19881224;SA;40;43;13;22;23;
19881221;ME;30;20;23;32;21;
19881217;SA;41;2;39;8;7;
19881214;ME;20;5;32;3;7;
19881210;SA;47;19;25;31;40;
19881207;ME;34;6;43;8;12;
19881203;SA;2;38;21;31;11;
19881130;ME;34;42;11;27;36;
19881126;SA;6;5;8;34;45;
19881123;ME;10;14;31;9;48;
19881119;SA;36;25;2;3;5;
19881116;ME;26;13;10;37;30;
19881112;SA;1;8;20;48;45;
19881109;ME;20;14;45;12;3;
19881105;SA;7;26;41;33;49;
19881102;ME;18;46;38;22;10;
19881029;SA;11;4;9;8;32;
19881026;ME;17;34;33;24;8;
19881022;SA;12;16;41;8;21;
19881019;ME;21;37;5;19;44;
19881015;SA;21;19;48;24;1;
19881012;ME;24;47;22;33;20;
19881008;SA;28;25;29;35;43;
19881005;ME;32;42;6;24;5;
19881001;SA;4;31;46;49;16;
19880928;ME;22;11;19;36;30;
19880924;SA;5;40;49;26;33;
19880921;ME;20;21;45;39;17;
19880917;SA;39;16;48;36;32;
19880914;ME;6;13;4;18;44;
19880910;SA;23;16;15;9;12;
19880907;ME;8;17;6;28;29;
19880903;SA;25;42;36;14;1;
19880831;ME;7;31;37;5;6;
19880827;SA;24;40;14;18;2;
19880824;ME;26;46;30;29;49;
19880820;SA;20;15;23;25;47;
19880817;ME;14;6;31;25;9;
19880813;SA;28;10;32;23;1;
19880810;ME;3;35;27;16;25;
19880806;SA;1;44;24;46;38;
19880803;ME;4;24;27;29;30;
19880730;SA;35;46;16;33;31;
19880727;ME;27;11;15;36;25;
19880723;SA;38;11;23;49;25;
19880720;ME;49;4;20;8;16;
19880716;SA;33;41;18;35;45;
19880713;ME;17;14;18;37;3;
19880709;SA;42;36;39;7;27;
19880706;ME;25;34;3;5;32;
19880702;SA;45;19;2;9;31;
19880629;ME;40;44;32;33;26;
19880625;SA;36;20;39;17;6;
19880622;ME;48;33;19;12;24;
19880618;SA;38;10;36;2;26;
19880615;ME;29;8;42;48;7;
19880611;SA;40;41;7;22;36;
19880608;ME;8;45;16;12;3;
19880604;SA;26;23;25;47;15;
19880601;ME;13;48;4;33;11;
19880528;SA;49;20;16;24;37;
19880525;ME;27;36;40;8;24;
19880521;SA;19;46;14;38;21;
19880518;ME;21;13;24;3;20;
19880514;SA;46;23;10;33;30;
19880511;ME;32;19;8;7;4;
19880507;SA;26;15;24;6;27;
19880504;ME;7;17;5;15;14;
19880430;SA;32;14;4;19;9;
19880427;ME;7;24;36;31;5;
19880423;SA;49;39;47;16;12;
19880420;ME;16;3;17;33;9;
19880416;SA;13;17;43;5;29;
19880413;ME;4;35;36;16;11;
19880409;SA;43;17;47;8;38;
19880406;ME;14;18;21;26;42;
19880402;SA;27;16;1;48;22;
19880330;ME;24;37;40;31;14;
19880326;SA;16;7;6;40;28;
19880323;ME;1;20;16;30;29;
19880319;SA;15;23;45;17;43;
19880316;ME;28;5;18;35;16;
19880312;SA;36;16;7;3;41;
19880309;ME;14;5;31;46;43;
19880305;SA;16;23;29;31;5;
19880302;ME;28;49;21;20;19;
19880227;SA;28;34;37;39;46;
19880224;ME;4;26;32;9;35;
19880220;SA;20;41;33;35;25;
19880217;ME;11;48;45;36;34;
19880213;SA;23;30;8;29;41;
19880210;ME;36;10;47;32;45;
19880206;SA;21;31;37;38;8;
19880203;ME;47;11;41;3;29;
19880130;SA;34;5;8;41;46;
19880127;ME;47;1;23;38;18;
19880123;SA;18;41;1;28;43;
19880120;ME;11;32;26;29;49;
19880116;SA;18;19;8;48;14;
19880113;ME;23;10;39;27;18;
19880109;SA;38;21;24;43;36;
19880106;ME;40;16;45;22;44;
19880102;SA;6;4;7;18;43;
19871230;ME;11;17;1;25;19;
19871226;SA;30;23;27;15;29;
19871223;ME;44;23;14;43;3;
19871219;SA;45;4;33;49;15;
19871216;ME;32;12;40;27;36;
19871212;SA;34;33;41;12;40;
19871209;ME;37;3;8;23;24;
19871205;SA;43;9;26;49;16;
19871202;ME;26;4;44;21;3;
19871128;SA;10;39;12;42;11;
19871125;ME;3;10;29;49;25;
19871121;SA;47;16;31;49;18;
19871118;ME;44;42;38;48;8;
19871114;SA;40;17;15;6;8;
19871111;ME;47;26;35;46;13;
19871107;SA;18;47;21;7;2;
19871104;ME;11;33;38;46;13;
19871031;SA;41;32;15;48;5;
19871028;ME;20;34;15;44;38;
19871024;SA;33;37;49;39;12;
19871021;ME;14;31;18;45;13;
19871017;SA;14;22;28;18;23;
19871014;ME;40;46;21;13;12;
19871010;SA;2;39;10;43;46;
19871007;ME;21;4;39;15;23;
19871003;SA;2;4;44;29;19;
19870930;ME;36;2;34;38;22;
19870926;SA;13;48;41;43;22;
19870923;ME;19;3;11;46;12;
19870919;SA;18;11;4;14;13;
19870916;ME;44;12;16;40;43;
19870912;SA;26;17;9;43;34;
19870909;ME;18;23;33;44;19;
19870905;SA;6;19;16;46;34;
19870902;ME;18;24;47;1;20;
19870829;SA;41;34;42;25;14;
19870826;ME;16;43;8;42;6;
19870822;SA;36;28;25;27;23;
19870819;ME;4;25;36;29;2;
19870815;SA;13;46;22;27;37;
19870812;ME;24;20;49;48;13;
19870808;SA;18;46;41;16;35;
19870805;ME;43;22;2;1;15;
19870801;SA;38;24;37;39;20;
19870729;ME;16;26;6;15;49;
19870725;SA;7;11;2;27;24;
19870722;ME;24;6;9;16;8;
19870718;SA;38;26;31;23;22;
19870715;ME;26;20;25;47;8;
19870711;SA;42;7;11;29;28;
19870708;ME;7;12;48;25;5;
19870704;SA;26;45;14;20;36;
19870701;ME;7;6;25;46;13;
19870627;SA;2;48;46;21;35;
19870624;ME;27;43;39;35;12;
19870620;SA;5;38;14;30;13;
19870617;ME;13;34;7;29;15;
19870613;SA;31;15;25;26;38;
19870610;ME;48;1;23;32;39;
19870606;SA;17;6;40;16;4;
19870603;ME;33;47;27;20;45;
19870530;SA;23;42;8;33;2;
19870527;ME;33;38;7;49;17;
19870523;SA;44;20;43;48;17;
19870520;ME;31;30;48;39;7;
19870516;SA;29;42;38;18;39;
19870513;ME;28;38;44;7;40;
19870509;SA;29;43;17;16;15;
19870506;ME;18;34;8;2;28;
19870502;SA;33;29;5;15;19;
19870429;ME;13;30;1;47;21;
19870425;SA;6;35;37;38;13;
19870422;ME;1;32;7;27;31;
19870418;SA;10;29;49;26;6;
19870415;ME;5;29;41;42;6;
19870411;SA;41;9;48;10;45;
19870408;ME;43;7;14;13;48;
19870404;SA;10;22;45;12;34;
19870401;ME;2;32;48;26;44;
19870328;SA;32;23;42;34;21;
19870325;ME;30;23;43;20;44;
19870321;SA;21;6;38;28;30;
19870318;ME;15;35;8;3;34;
19870314;SA;40;48;29;6;37;
19870311;ME;42;13;44;10;24;
19870307;SA;10;33;18;1;48;
19870304;ME;2;39;27;34;48;
19870228;SA;47;22;24;39;9;
19870225;ME;28;39;11;43;6;
19870221;SA;42;15;44;38;17;
19870218;ME;7;35;3;48;31;
19870214;SA;39;42;8;11;29;
19870211;ME;46;44;40;21;25;
19870207;SA;6;37;31;15;5;
19870204;ME;42;11;45;22;35;
19870131;SA;3;25;4;35;47;
19870128;ME;22;37;41;19;44;
19870124;SA;31;18;20;7;28;
19870121;ME;20;37;3;26;36;
19870117;SA;17;33;47;3;26;
19870114;ME;37;14;26;25;39;
19870110;SA;29;43;30;46;45;
19870107;ME;36;39;20;33;16;
19870103;SA;16;44;4;18;35;
19861231;ME;38;47;44;39;9;
19861227;SA;34;47;35;21;41;
19861224;ME;38;49;46;13;11;
19861220;SA;27;28;1;30;34;
19861217;ME;2;23;31;14;38;
19861213;SA;13;35;12;19;21;
19861210;ME;15;8;11;14;16;
19861206;SA;32;46;22;4;5;
19861203;ME;17;30;2;32;45;
19861129;SA;37;24;27;17;6;
19861126;ME;41;43;30;26;31;
19861122;SA;12;15;36;25;2;
19861119;ME;23;25;3;2;15;
19861115;SA;12;1;35;37;26;
19861112;ME;21;6;22;46;33;
19861108;SA;34;15;40;9;18;
19861105;ME;29;48;3;26;45;
19861101;SA;38;22;40;31;5;
19861029;ME;16;31;14;36;11;
19861025;SA;3;20;34;17;14;
19861022;ME;5;44;30;28;27;
19861018;SA;34;38;18;32;4;
19861015;ME;16;4;7;26;17;
19861011;SA;4;42;32;33;8;
19861008;ME;8;16;26;9;31;
19861004;SA;22;12;8;15;48;
19861001;ME;24;25;3;7;15;
19860927;SA;12;18;7;39;8;
19860924;ME;8;44;38;30;34;
19860920;SA;23;4;42;40;35;
19860917;ME;31;13;32;7;49;
19860913;SA;10;31;42;1;15;
19860910;ME;47;33;9;43;35;
19860906;SA;14;37;44;5;27;
19860903;ME;19;35;11;13;20;
19860830;SA;29;10;8;24;13;
19860827;ME;19;39;48;15;28;
19860823;SA;47;49;15;36;24;
19860820;ME;18;17;46;44;40;
19860816;SA;36;15;43;29;22;
19860813;ME;21;4;25;24;45;
19860809;SA;44;19;45;7;5;
19860806;ME;22;29;24;34;43;
19860802;SA;48;47;11;32;28;
19860730;ME;36;47;44;16;15;
19860726;SA;12;26;27;34;38;
19860723;ME;16;25;35;22;2;
19860719;SA;10;42;15;16;19;
19860716;ME;21;46;36;32;38;
19860712;SA;17;26;41;37;28;
19860709;ME;43;11;36;27;22;
19860705;SA;5;35;18;1;27;
19860702;ME;29;16;7;35;32;
19860628;SA;37;9;35;20;2;
19860625;ME;14;35;43;45;7;
19860621;SA;6;9;34;27;48;
19860618;ME;38;22;23;48;39;
19860614;SA;48;32;19;47;6;
19860611;ME;22;6;44;11;43;
19860607;SA;3;5;49;43;15;
19860604;ME;22;49;29;35;46;
19860531;SA;15;45;33;11;30;
19860528;ME;3;2;21;16;49;
19860524;SA;37;47;42;23;27;
19860521;ME;24;18;38;22;31;
19860517;SA;13;5;17;15;26;
19860514;ME;39;20;37;32;38;
19860510;SA;19;30;40;18;7;
19860507;ME;2;6;3;27;44;
19860503;SA;7;37;2;49;24;
19860430;ME;49;7;45;13;36;
19860426;SA;13;45;36;21;27;
19860423;ME;12;25;17;46;32;
19860419;SA;8;14;41;5;31;
19860416;ME;14;26;20;2;49;
19860412;SA;30;32;21;18;11;
19860409;ME;10;47;39;27;41;
19860405;SA;22;45;18;17;44;
19860402;ME;39;11;31;49;4;
19860329;SA;5;49;30;29;16;
19860326;ME;6;35;9;33;32;
19860322;SA;19;26;33;46;2;
19860319;ME;18;19;44;30;22;
19860315;SA;16;18;12;20;48;
19860312;ME;9;46;13;19;37;
19860308;SA;30;3;34;25;20;
19860305;ME;5;30;25;22;10;
19860301;SA;17;5;13;15;21;
19860226;ME;49;22;47;10;38;
19860222;SA;40;32;26;4;37;
19860219;ME;48;15;11;33;2;
19860215;SA;1;14;2;33;41;
19860212;ME;37;25;9;8;12;
19860208;SA;33;1;9;31;4;
19860205;ME;38;43;3;6;26;
19860201;SA;22;13;33;40;4;
19860129;ME;12;41;4;6;47;
19860125;SA;40;29;45;39;23;
19860122;ME;49;6;28;25;7;
19860118;SA;3;6;45;33;31;
19860115;ME;27;6;13;46;10;
19860111;SA;38;4;32;18;12;
19860108;ME;42;29;10;27;44;
19860104;SA;39;36;11;14;7;
19860101;ME;27;12;49;16;8;
19851228;SA;26;45;20;40;43;
19851225;ME;10;12;14;1;44;
19851221;SA;14;6;34;43;32;
19851218;ME;23;34;35;29;15;
19851214;SA;1;44;28;39;18;
19851211;ME;34;45;13;11;18;
19851207;SA;2;15;10;16;27;
19851204;ME;25;8;45;18;19;
19851130;SA;6;4;20;43;28;
19851127;ME;39;36;25;24;26;
19851123;SA;34;42;6;45;17;
19851120;ME;2;36;13;34;25;
19851116;SA;7;22;34;24;41;
19851113;ME;28;36;34;13;31;
19851109;SA;44;29;32;19;37;
19851106;ME;23;26;13;32;14;
19851102;SA;4;25;23;28;21;
19851030;ME;42;38;2;18;32;
19851026;SA;14;16;33;45;23;
19851023;ME;37;10;27;35;12;
19851019;SA;26;32;3;2;29;
19851016;ME;26;12;19;6;30;
19851012;SA;36;32;49;38;33;
19851009;ME;1;13;7;14;22;
19851005;SA;34;5;25;17;30;
19851002;ME;14;30;45;9;27;
19850928;SA;43;15;1;11;19;
19850925;ME;42;43;46;11;44;
19850921;SA;20;44;11;6;13;
19850918;ME;29;35;10;40;18;
19850914;SA;37;28;13;10;12;
19850911;ME;47;24;23;4;19;
19850907;SA;43;28;2;18;37;
19850904;ME;37;24;25;13;2;
19850831;SA;20;44;26;8;14;
19850828;ME;8;12;20;41;24;
19850824;SA;37;41;4;10;16;
19850821;ME;23;46;33;38;5;
19850817;SA;4;38;16;15;48;
19850814;ME;46;9;33;30;7;
19850810;SA;47;2;19;28;10;
19850807;ME;16;21;12;20;40;
19850803;SA;34;33;20;7;40;
19850731;ME;42;26;11;1;48;
19850727;SA;44;9;30;45;36;
19850724;ME;49;14;37;7;17;
19850720;SA;38;36;22;40;19;
19850717;ME;2;37;43;7;5;
19850713;SA;15;17;30;41;28;
19850710;ME;42;49;36;23;18;
19850706;SA;21;7;37;36;18;
19850703;ME;23;10;6;36;45;
19850629;SA;41;6;1;14;42;
19850626;ME;11;36;6;31;23;
19850622;SA;5;43;46;25;17;
19850619;ME;11;45;7;22;34;
19850615;SA;10;23;40;36;16;
19850612;ME;9;19;29;30;14;
19850608;SA;27;20;6;5;41;
19850605;ME;25;42;45;19;12;
19850601;SA;32;15;24;35;18;
19850529;ME;28;1;20;17;34;
19850525;SA;35;5;27;17;6;
19850522;ME;25;26;13;37;24;
19850518;SA;31;1;40;19;23;
19850515;ME;23;45;33;1;37;
19850511;SA;28;26;21;43;36;
19850508;ME;19;18;30;24;37;
19850504;SA;33;46;34;2;18;
19850501;ME;7;36;6;24;16;
19850427;SA;12;37;16;34;18;
19850424;ME;45;37;9;20;48;
19850420;SA;40;5;22;41;14;
19850417;ME;45;39;25;21;6;
19850413;SA;36;8;25;26;12;
19850410;ME;47;4;3;14;42;
19850406;SA;35;45;40;34;28;
19850403;ME;8;19;27;42;29;
19850330;SA;32;44;30;40;4;
19850327;ME;30;10;47;29;1;
19850323;SA;37;17;16;18;11;
19850320;ME;41;37;33;14;9;
19850316;SA;3;25;33;20;43;
19850313;ME;4;14;41;40;18;
19850309;SA;35;3;14;28;9;
19850306;ME;26;30;39;27;12;
19850302;SA;24;10;18;36;8;
19850227;ME;29;8;28;37;49;
19850223;SA;24;21;23;3;38;
19850220;ME;24;30;39;1;8;
19850216;SA;48;30;32;36;1;
19850213;ME;20;22;17;1;15;
19850209;SA;41;35;9;46;1;
19850206;ME;36;37;26;25;48;
19850202;SA;25;38;40;48;37;
19850130;ME;4;45;30;26;16;
19850126;SA;9;3;32;46;18;
19850123;ME;39;31;13;37;6;
19850119;SA;47;43;27;22;16;
19850116;ME;1;44;38;39;2;
19850112;SA;46;4;32;33;34;
19850109;ME;21;2;1;33;46;
19850105;SA;29;8;31;33;10;
19850102;ME;6;40;22;15;34;
19841229;SA;36;29;38;41;4;
19841226;ME;45;31;33;38;3;
19841222;SA;20;44;3;40;24;
19841219;ME;13;24;7;29;5;
19841215;SA;28;44;30;5;15;
19841212;ME;2;22;5;15;16;
19841208;SA;48;20;4;2;22;
19841205;ME;35;23;47;17;36;
19841201;SA;11;48;18;22;10;
19841128;ME;6;8;27;11;22;
19841124;SA;15;21;35;32;39;
19841121;ME;23;25;46;12;49;
19841117;SA;8;24;46;15;45;
19841114;ME;39;16;43;5;40;
19841110;SA;13;40;12;5;31;
19841107;ME;42;39;38;30;34;
19841103;SA;21;12;49;26;30;
19841031;ME;18;30;44;19;46;
19841027;SA;19;7;45;38;18;
19841024;ME;27;3;44;8;48;
19841020;SA;46;48;2;34;26;
19841017;ME;45;38;20;8;19;
19841013;SA;46;48;37;11;25;
19841010;ME;17;14;36;6;30;
19841006;SA;24;12;9;21;41;
19841003;ME;29;1;40;42;36;
19840929;SA;21;14;1;5;32;
19840926;ME;30;9;40;17;45;
19840922;SA;26;11;33;20;2;
19840919;ME;37;36;26;35;27;
19840915;SA;27;38;9;34;6;
19840912;ME;3;32;8;27;29;
19840908;SA;14;7;39;1;21;
19840905;ME;11;21;28;35;1;
19840901;SA;23;7;10;38;26;
19840829;ME;47;38;21;15;49;
19840825;SA;12;36;2;41;17;
19840822;ME;47;36;41;24;14;
19840818;SA;33;48;49;6;29;
19840815;ME;15;38;41;35;20;
19840811;SA;10;48;39;15;34;
19840808;ME;33;48;20;42;40;
19840804;SA;3;32;27;29;1;
19840801;ME;3;39;28;14;5;
19840728;SA;18;14;7;40;25;
19840725;ME;15;7;28;25;35;
19840721;SA;14;25;22;46;44;
19840718;ME;17;46;1;24;40;
19840714;SA;5;32;40;15;34;
19840711;ME;29;25;46;4;34;
19840707;SA;23;36;34;6;12;
19840704;ME;15;29;46;37;33;
19840630;SA;32;33;47;14;16;
19840627;ME;25;5;34;33;46;
19840623;SA;37;32;24;31;3;
19840620;ME;12;18;47;40;21;
19840616;SA;32;19;3;21;42;
19840613;ME;23;30;49;25;21;
19840609;SA;15;32;42;27;8;
19840606;ME;39;21;13;30;38;
19840602;SA;6;48;49;1;12;
19840530;ME;45;49;41;40;21;
19840526;SA;22;16;35;4;5;
19840523;ME;13;18;43;36;28;
19840519;SA;30;10;2;19;20;
19840516;ME;17;16;49;18;23;
19840512;SA;26;39;1;42;23;
19840509;ME;23;7;12;47;22;
19840505;SA;27;48;42;18;21;
19840502;ME;25;15;22;31;16;
19840428;SA;34;15;49;22;28;
19840425;ME;30;49;45;41;16;
19840421;SA;26;39;3;38;5;
19840418;ME;31;9;14;39;42;
19840414;SA;26;13;43;30;46;
19840411;ME;10;12;16;27;18;
19840407;SA;6;17;30;40;19;
19840404;ME;42;20;34;29;46;
19840331;SA;13;39;10;40;25;
19840328;ME;46;36;22;23;38;
19840324;SA;30;29;41;2;26;
19840321;ME;49;6;38;29;23;
19840317;SA;8;13;25;2;16;
19840314;ME;47;18;24;6;10;
19840310;SA;7;43;14;18;34;
19840307;ME;38;29;32;10;1;
19840229;ME;19;34;44;13;39;
19840222;ME;9;3;42;39;38;
19840215;ME;36;39;16;35;8;
19840208;ME;19;34;24;29;38;
19840201;ME;18;45;31;15;41;
19840125;ME;7;42;47;22;12;
19840118;ME;6;8;30;1;7;
19840111;ME;20;45;5;29;31;
19840104;ME;22;27;2;28;37;
19831228;ME;33;35;40;20;5;
19831221;ME;27;42;4;20;7;
19831214;ME;43;34;23;10;48;
19831207;ME;43;27;47;16;44;
19831130;ME;7;22;13;21;44;
19831123;ME;3;31;41;21;47;
19831116;ME;41;37;42;27;17;
19831109;ME;37;46;19;49;26;
19831103;JE;20;33;49;5;24;
19831026;ME;8;21;33;31;18;
19831019;ME;5;11;47;44;8;
19831012;ME;19;20;40;13;34;
19831005;ME;6;47;1;23;2;
19830928;ME;49;12;33;19;24;
19830921;ME;27;12;8;39;25;
19830914;ME;15;44;33;27;11;
19830907;ME;5;42;38;31;11;
19830831;ME;43;29;9;49;45;
19830824;ME;43;46;4;18;49;
19830818;JE;23;37;21;44;4;
19830810;ME;44;29;3;24;13;
19830803;ME;16;45;7;19;11;
19830727;ME;37;9;17;18;14;
19830720;ME;18;40;28;31;48;
19830713;ME;15;14;28;30;48;
19830706;ME;26;38;46;35;49;
19830629;ME;21;48;37;10;43;
19830622;ME;29;14;39;5;21;
19830615;ME;10;20;30;17;34;
19830608;ME;20;9;6;7;37;
19830601;ME;18;40;9;14;21;
19830526;JE;32;8;6;11;35;
19830518;ME;1;30;49;9;32;
19830511;ME;48;12;41;22;44;
19830504;ME;24;21;40;43;5;
19830427;ME;10;8;21;16;5;
19830420;ME;26;31;40;33;10;
19830413;ME;49;36;42;15;22;
19830407;JE;33;44;6;29;24;
19830330;ME;26;2;35;21;19;
19830323;ME;26;11;32;34;22;
19830316;ME;23;9;36;5;43;
19830309;ME;28;22;12;24;38;
19830302;ME;33;22;26;34;45;
19830223;ME;4;8;32;30;42;
19830216;ME;40;33;14;30;12;
19830209;ME;23;29;6;34;12;
19830202;ME;12;5;37;22;31;
19830126;ME;34;20;5;8;2;
19830119;ME;39;14;2;49;48;
19830112;ME;42;29;18;45;15;
19830105;ME;16;21;31;48;1;
19821229;ME;49;25;8;32;31;
19821222;ME;46;44;10;7;48;
19821215;ME;49;26;4;6;40;
19821208;ME;30;35;19;28;47;
19821201;ME;31;32;36;9;26;
19821124;ME;30;3;33;23;10;
19821117;ME;22;16;45;49;48;
19821110;ME;32;30;7;8;22;
19821104;JE;15;10;21;22;42;
19821027;ME;25;30;38;39;40;
19821020;ME;27;49;44;11;14;
19821013;ME;40;31;38;49;37;
19821006;ME;17;28;13;6;45;
19820929;ME;14;16;23;2;32;
19820922;ME;21;37;40;34;45;
19820915;ME;29;40;36;48;27;
19820908;ME;30;9;48;37;35;
19820901;ME;12;42;14;2;10;
19820825;ME;18;40;29;44;15;
19820818;ME;15;49;30;35;31;
19820811;ME;32;44;35;47;16;
19820804;ME;20;5;28;40;25;
19820728;ME;28;1;32;7;24;
19820721;ME;4;24;40;49;11;
19820715;JE;19;6;24;45;23;
19820707;ME;12;41;29;17;39;
19820630;ME;35;14;34;31;39;
19820623;ME;10;15;37;25;49;
19820616;ME;35;48;46;20;17;
19820609;ME;15;39;28;6;11;
19820603;JE;45;32;44;35;24;
19820526;ME;35;40;24;38;4;
19820519;ME;24;14;2;9;12;
19820512;ME;22;12;5;9;47;
19820505;ME;24;22;20;3;28;
19820428;ME;20;8;3;4;16;
19820421;ME;10;17;24;11;2;
19820415;JE;35;22;23;24;17;
19820407;ME;40;36;29;19;31;
19820331;ME;39;32;27;23;28;
19820324;ME;9;35;48;11;49;
19820317;ME;42;35;29;12;16;
19820310;ME;3;13;24;19;36;
19820303;ME;28;48;13;23;16;
19820224;ME;34;30;10;18;4;
19820217;ME;39;29;23;18;17;
19820210;ME;17;38;23;6;27;
19820203;ME;26;24;40;10;23;
19820127;ME;26;34;23;24;47;
19820120;ME;24;46;27;11;23;
19820113;ME;9;29;25;8;14;
19820106;ME;49;23;42;40;38;
19811230;ME;28;45;34;48;37;
19811223;ME;48;14;26;13;45;
19811216;ME;18;38;13;22;34;
19811209;ME;12;34;29;1;36;
19811202;ME;22;39;36;32;5;
19811125;ME;44;12;27;48;16;
19811118;ME;43;2;27;46;40;
19811112;JE;27;4;43;10;24;
19811104;ME;24;46;7;23;2;
19811028;ME;48;8;15;25;40;
19811021;ME;2;26;24;1;43;
19811014;ME;19;12;36;47;25;
19811007;ME;4;12;47;11;28;
19810930;ME;14;34;15;13;39;
19810923;ME;34;9;14;24;19;
19810916;ME;11;9;2;20;36;
19810909;ME;29;33;25;32;5;
19810902;ME;20;13;31;43;37;
19810826;ME;12;9;36;45;48;
19810819;ME;4;13;9;35;37;
19810812;ME;2;49;6;37;13;
19810805;ME;24;15;49;36;30;
19810729;ME;13;19;9;27;49;
19810722;ME;34;22;11;26;25;
19810716;JE;40;2;49;20;15;
19810708;ME;12;31;18;7;11;
19810701;ME;12;4;34;27;25;
19810624;ME;49;35;2;3;38;
19810617;ME;42;13;38;18;1;
19810611;JE;4;40;5;44;35;
19810603;ME;26;25;5;40;12;
19810527;ME;39;28;8;2;16;
19810520;ME;6;29;18;4;47;
19810513;ME;3;19;2;37;48;
19810506;ME;41;17;38;43;47;
19810429;ME;40;13;29;41;42;
19810423;JE;9;34;17;1;24;
19810415;ME;2;33;48;38;7;
19810408;ME;45;18;43;24;13;
19810401;ME;5;33;24;34;21;
19810325;ME;2;18;49;28;47;
19810318;ME;44;14;22;39;45;
19810311;ME;28;40;3;36;41;
19810304;ME;26;19;6;48;34;
19810225;ME;29;12;48;13;15;
19810218;ME;34;25;5;28;19;
19810211;ME;46;24;11;14;28;
19810204;ME;43;3;7;13;20;
19810128;ME;4;28;29;19;18;
19810121;ME;19;28;49;26;47;
19810114;ME;34;31;26;38;48;
19810107;ME;20;44;41;31;18;
19801231;ME;7;16;34;8;39;
19801224;ME;15;47;7;10;31;
19801217;ME;5;12;44;24;11;
19801210;ME;16;40;27;18;11;
19801203;ME;22;35;47;40;24;
19801126;ME;39;21;40;42;44;
19801119;ME;6;13;21;39;37;
19801113;JE;40;1;13;7;31;
19801105;ME;42;49;21;10;39;
19801029;ME;15;3;41;45;37;
19801022;ME;46;6;48;36;41;
19801015;ME;14;33;29;21;18;
19801008;ME;47;3;22;13;5;
19801001;ME;44;1;31;32;23;
19800924;ME;12;28;31;4;45;
19800917;ME;49;4;9;43;12;
19800910;ME;31;19;3;20;39;
19800903;ME;16;43;28;20;7;
19800827;ME;48;24;18;45;36;
19800820;ME;20;16;48;39;1;
19800813;ME;28;5;32;12;15;
19800806;ME;7;40;48;10;6;
19800730;ME;3;13;5;11;19;
19800723;ME;4;21;11;22;38;
19800717;JE;42;17;2;28;4;
19800709;ME;14;11;45;29;41;
19800702;ME;34;47;36;5;40;
19800625;ME;5;25;38;3;31;
19800618;ME;7;40;36;11;22;
19800611;ME;25;34;9;42;31;
19800604;ME;14;18;6;48;27;
19800529;JE;7;8;2;25;15;
19800521;ME;45;5;44;15;48;
19800514;ME;6;46;14;17;37;
19800507;ME;22;1;25;14;10;
19800430;ME;6;7;9;17;45;
19800423;ME;10;14;12;3;42;
19800416;ME;6;22;45;21;2;
19800409;ME;47;41;12;31;5;
19800402;ME;29;41;6;19;26;
19800326;ME;18;10;46;35;4;
19800319;ME;36;35;32;23;1;
19800312;ME;48;38;17;46;9;
19800305;ME;48;47;38;25;18;
19800227;ME;3;30;19;18;13;
19800220;ME;5;1;45;37;49;
19800213;ME;43;20;25;39;26;
19800206;ME;38;48;19;25;2;
19800130;ME;29;28;42;46;19;
19800123;ME;31;9;7;39;33;
19800116;ME;42;26;43;9;32;
19800109;ME;39;46;47;21;9;
19800103;JE;26;32;48;39;9;
19791228;VE;41;19;24;47;39;
19791219;ME;10;26;12;22;4;
19791212;ME;8;32;36;37;22;
19791205;ME;12;7;27;35;15;
19791128;ME;22;40;2;4;43;
19791121;ME;28;12;24;4;30;
19791114;ME;48;25;24;44;38;
19791107;ME;28;45;46;12;40;
19791031;ME;3;7;19;28;27;
19791024;ME;7;46;33;45;34;
19791017;ME;27;39;25;22;41;
19791010;ME;4;36;29;28;42;
19791003;ME;7;24;28;13;38;
19790926;ME;44;6;37;12;3;
19790919;ME;8;10;16;12;2;
19790912;ME;31;45;17;13;5;
19790905;ME;43;13;26;17;30;
19790829;ME;8;25;15;16;4;
19790822;ME;48;22;31;44;14;
19790816;JE;36;42;20;15;47;
19790808;ME;47;40;22;21;45;
19790801;ME;17;2;29;23;14;
19790725;ME;19;23;8;31;47;
19790718;ME;13;8;49;36;19;
19790711;ME;44;15;41;45;33;
19790704;ME;25;1;15;39;4;
19790627;ME;7;26;32;19;44;
19790620;ME;10;12;3;25;8;
19790613;ME;8;21;9;35;4;
19790607;JE;3;49;9;48;10;
19790530;ME;8;15;48;44;19;
19790523;ME;36;42;48;11;5;
19790516;ME;27;41;1;23;3;
19790509;ME;40;41;49;24;9;
19790503;JE;21;36;8;33;17;
19790425;ME;13;21;39;37;41;
19790419;JE;12;39;35;19;20;
19790411;ME;34;2;28;12;7;
19790404;ME;12;45;9;1;3;
19790328;ME;23;42;14;27;3;
19790321;ME;6;42;38;45;46;
19790314;ME;25;36;32;20;45;
19790307;ME;18;13;43;2;42;
19790228;ME;2;20;5;31;11;
19790221;ME;41;10;49;43;18;
19790214;ME;27;30;18;49;47;
19790207;ME;26;24;14;22;23;
19790131;ME;4;22;30;26;49;
19790124;ME;6;37;36;40;26;
19790117;ME;12;37;30;16;19;
19790110;ME;40;41;14;18;20;
19790104;JE;20;21;47;13;49;
19781228;JE;42;2;31;36;1;
19781220;ME;48;31;41;49;35;
19781213;ME;25;15;7;31;42;
19781206;ME;42;30;35;31;44;
19781129;ME;32;10;11;49;25;
19781122;ME;32;20;47;14;19;
19781115;ME;48;38;17;42;8;
19781108;ME;6;16;21;3;49;
19781102;JE;31;46;39;36;26;
19781025;ME;28;34;8;42;20;
19781018;ME;41;35;27;16;24;
19781011;ME;4;48;14;33;29;
19781004;ME;12;21;9;20;8;
19780927;ME;48;45;27;47;23;
19780920;ME;34;25;4;5;41;
19780913;ME;20;48;35;34;8;
19780906;ME;2;6;40;48;37;
19780830;ME;28;38;21;12;48;
19780823;ME;41;21;20;42;46;
19780817;JE;45;31;18;27;30;
19780809;ME;40;3;18;16;21;
19780802;ME;5;3;1;27;17;
19780726;ME;17;19;11;34;7;
19780719;ME;28;11;16;8;24;
19780712;ME;9;15;2;40;25;
19780705;ME;46;47;39;29;17;
19780628;ME;3;46;41;45;16;
19780621;ME;49;11;32;44;20;
19780614;ME;12;49;40;10;1;
19780607;ME;21;1;43;35;13;
19780531;ME;49;14;48;10;29;
19780524;ME;7;18;46;47;3;
19780518;JE;23;45;49;11;20;
19780510;ME;5;4;2;29;8;
19780503;ME;17;27;19;40;28;
19780426;ME;37;45;29;28;24;
19780419;ME;49;17;27;42;40;
19780412;ME;36;7;31;46;26;
19780405;ME;33;27;7;12;35;
19780330;JE;28;15;7;4;24;
19780322;ME;43;36;31;29;45;
19780315;ME;27;14;13;20;12;
19780308;ME;41;7;34;16;40;
19780301;ME;45;17;18;46;38;
19780222;ME;42;5;37;14;31;
19780215;ME;40;4;38;39;24;
19780208;ME;10;33;27;5;8;
19780201;ME;16;2;37;48;7;
19780125;ME;36;1;12;34;37;
19780118;ME;23;22;33;27;26;
19780111;ME;38;45;4;43;17;
19780104;ME;7;36;5;12;37;
19771228;ME;11;6;35;23;39;
19771221;ME;38;9;28;12;19;
19771214;ME;30;12;27;38;41;
19771207;ME;37;44;20;42;6;
19771130;ME;23;21;38;45;48;
19771123;ME;3;15;16;2;37;
19771116;ME;1;33;20;28;9;
19771109;ME;20;42;35;14;19;
19771103;JE;31;47;32;4;38;
19771026;ME;38;6;25;34;3;
19771019;ME;45;6;11;24;12;
19771012;ME;47;27;6;5;42;
19771005;ME;4;36;49;7;28;
19770928;ME;2;4;33;7;38;
19770921;ME;15;27;5;3;19;
19770914;ME;9;18;17;3;44;
19770907;ME;37;7;32;34;27;
19770831;ME;43;34;8;49;32;
19770824;ME;5;26;9;49;19;
19770818;JE;4;10;29;5;32;
19770810;ME;31;30;47;15;45;
19770803;ME;23;26;24;18;15;
19770727;ME;6;28;48;44;14;
19770720;ME;11;7;32;12;30;
19770713;ME;44;21;48;36;3;
19770706;ME;28;2;37;16;20;
19770629;ME;47;38;48;37;1;
19770622;ME;42;15;7;19;12;
19770615;ME;29;39;8;27;28;
19770608;ME;24;43;31;21;37;
19770601;ME;32;38;15;2;18;
19770525;ME;44;38;20;31;22;
19770518;ME;7;20;4;19;44;
19770511;ME;28;10;1;23;9;
19770504;ME;29;36;49;38;34;
19770427;ME;6;30;29;28;44;
19770420;ME;30;17;35;7;9;
19770414;JE;41;28;26;3;16;
19770406;ME;33;18;7;8;25;
19770330;ME;19;10;40;41;43;
19770323;ME;14;20;22;40;17;
19770316;ME;40;21;20;45;44;
19770309;ME;3;28;4;9;46;
19770302;ME;26;27;6;22;33;
19770223;ME;42;43;25;22;34;
19770216;ME;11;44;13;37;31;
19770209;ME;11;40;28;22;1;
19770202;ME;25;23;5;1;41;
19770126;ME;21;7;45;12;9;
19770119;ME;41;33;2;14;45;
19770112;ME;16;15;17;31;8;
19770105;ME;36;26;1;34;32;
19761229;ME;9;12;32;24;47;
19761222;ME;20;36;3;7;1;
19761215;ME;26;45;19;9;39;
19761208;ME;38;31;12;49;7;
19761201;ME;18;26;16;22;28;
19761124;ME;20;19;25;5;12;
19761117;ME;2;32;44;45;20;
19761110;ME;17;3;41;38;30;
19761104;JE;46;40;30;9;33;
19761027;ME;43;5;40;13;17;
19761020;ME;20;26;14;48;33;
19761013;ME;36;19;46;2;20;
19761006;ME;47;30;38;6;26;
19760929;ME;7;15;11;8;35;
19760922;ME;35;24;10;36;9;
19760915;ME;27;7;39;3;8;
19760908;ME;25;30;22;3;38;
19760901;ME;27;33;42;8;26;
19760825;ME;32;11;7;8;38;
19760818;ME;21;9;3;24;34;
19760811;ME;8;42;33;31;17;
19760805;JE;47;37;25;6;4;
19760728;ME;40;49;16;37;35;
19760721;ME;15;2;31;19;27;
19760715;JE;42;5;29;28;27;
19760707;ME;27;32;34;19;45;
19760630;ME;10;17;25;35;5;
19760623;ME;30;22;11;9;23;
19760616;ME;2;3;35;13;1;
19760610;JE;44;16;47;10;15;
19760603;JE;10;26;42;1;4;
19760519;ME;31;15;33;27;36;
04/03/2017;SAMEDI  ;28;14;37;32;4;4
01/03/2017;MERCREDI;33;31;16;46;20;5
27/02/2017;LUNDI   ;3;37;16;17;47;5
25/02/2017;SAMEDI  ;40;32;43;11;48;2
22/02/2017;MERCREDI;17;25;22;35;43;10
20/02/2017;LUNDI   ;20;29;43;41;15;10
18/02/2017;SAMEDI  ;32;23;49;1;3;4
15/02/2017;MERCREDI;8;16;21;14;24;10
13/02/2017;LUNDI   ;5;16;39;44;18;3
11/02/2017;SAMEDI  ;37;17;29;15;1;3
08/02/2017;MERCREDI;17;33;37;40;19;6
06/02/2017;LUNDI   ;19;31;33;40;30;2
04/02/2017;SAMEDI  ;32;22;1;35;37;7
01/02/2017;MERCREDI;45;24;17;46;9;7
30/01/2017;LUNDI   ;4;22;40;23;32;4
28/01/2017;SAMEDI  ;6;5;10;2;26;5
25/01/2017;MERCREDI;10;19;20;28;4;2
23/01/2017;LUNDI   ;15;5;17;49;31;9
21/01/2017;SAMEDI  ;40;36;32;8;31;6
18/01/2017;MERCREDI;48;29;34;5;47;4
16/01/2017;LUNDI   ;35;32;14;37;26;5
14/01/2017;SAMEDI  ;19;18;44;37;16;1
11/01/2017;MERCREDI;30;13;28;22;19;3
09/01/2017;LUNDI   ;21;16;6;42;2;7
07/01/2017;SAMEDI  ;33;46;24;21;22;8
04/01/2017;MERCREDI;17;36;16;26;38;7
02/01/2017;LUNDI   ;31;38;11;19;40;5
31/12/2016;SAMEDI  ;45;49;43;33;4;8
28/12/2016;MERCREDI;34;35;16;39;15;4
26/12/2016;LUNDI   ;3;16;27;29;37;6
24/12/2016;SAMEDI  ;22;48;7;20;35;1
21/12/2016;MERCREDI;25;42;17;39;22;6
19/12/2016;LUNDI   ;17;40;41;26;3;7
17/12/2016;SAMEDI  ;13;5;16;32;2;5
14/12/2016;MERCREDI;10;9;44;14;46;7
12/12/2016;LUNDI   ;12;14;11;6;36;6
10/12/2016;SAMEDI  ;41;43;27;24;28;9
07/12/2016;MERCREDI;5;44;7;2;45;3
05/12/2016;LUNDI   ;29;30;23;6;26;4
03/12/2016;SAMEDI  ;11;13;38;4;44;7
30/11/2016;MERCREDI;9;33;31;3;40;5
28/11/2016;LUNDI   ;41;45;20;10;38;6
26/11/2016;SAMEDI  ;9;21;44;6;11;7
23/11/2016;MERCREDI;47;7;25;2;12;7
21/11/2016;LUNDI   ;7;18;12;45;3;8
19/11/2016;SAMEDI  ;34;48;41;46;36;7
16/11/2016;MERCREDI;37;48;1;26;24;7
14/11/2016;LUNDI   ;41;6;14;16;26;2
12/11/2016;SAMEDI  ;29;11;19;16;2;8
09/11/2016;MERCREDI;3;22;47;14;8;5
07/11/2016;LUNDI   ;1;46;21;6;31;6
05/11/2016;SAMEDI  ;16;42;21;6;34;5
02/11/2016;MERCREDI;26;1;49;7;14;10
31/10/2016;LUNDI   ;11;35;16;29;41;4
29/10/2016;SAMEDI  ;21;36;44;26;14;4
26/10/2016;MERCREDI;1;46;20;40;35;10
24/10/2016;LUNDI   ;18;29;36;17;23;7
22/10/2016;SAMEDI  ;29;41;3;43;35;8
19/10/2016;MERCREDI;32;28;29;26;38;1
17/10/2016;LUNDI   ;8;31;48;39;22;4
15/10/2016;SAMEDI  ;47;30;41;32;39;7
12/10/2016;MERCREDI;2;19;34;47;23;2
10/10/2016;LUNDI   ;18;19;3;48;9;2
08/10/2016;SAMEDI  ;5;26;28;46;35;9
05/10/2016;MERCREDI;18;28;15;2;43;3
03/10/2016;LUNDI   ;46;43;7;22;8;10
01/10/2016;SAMEDI  ;13;42;8;16;23;1
28/09/2016;MERCREDI;44;46;29;42;45;3
26/09/2016;LUNDI   ;4;23;26;19;27;7
24/09/2016;SAMEDI  ;33;32;31;41;43;10
21/09/2016;MERCREDI;30;15;40;13;20;10
19/09/2016;LUNDI   ;41;37;20;18;45;10
17/09/2016;SAMEDI  ;12;3;4;34;25;2
14/09/2016;MERCREDI;29;18;37;7;47;7
12/09/2016;LUNDI   ;6;5;11;13;22;10
10/09/2016;SAMEDI  ;46;38;29;31;19;6
07/09/2016;MERCREDI;26;34;38;13;42;9
05/09/2016;LUNDI   ;43;48;7;42;30;4
03/09/2016;SAMEDI  ;36;24;45;49;47;5
31/08/2016;MERCREDI;12;26;19;47;10;1
29/08/2016;LUNDI   ;44;36;49;25;48;2
27/08/2016;SAMEDI  ;45;21;2;31;23;8
24/08/2016;MERCREDI;3;4;34;41;42;2
22/08/2016;LUNDI   ;21;44;42;12;34;7
20/08/2016;SAMEDI  ;35;10;28;43;15;9
17/08/2016;MERCREDI;12;21;35;24;40;4
15/08/2016;LUNDI   ;16;31;25;27;26;7
13/08/2016;SAMEDI  ;33;1;9;6;46;6
10/08/2016;MERCREDI;49;30;19;17;7;3
08/08/2016;LUNDI   ;1;26;2;36;3;7
06/08/2016;SAMEDI  ;44;12;7;25;31;10
03/08/2016;MERCREDI;18;27;39;44;24;3
01/08/2016;LUNDI   ;45;29;36;42;24;7
30/07/2016;SAMEDI  ;30;9;22;46;23;9
27/07/2016;MERCREDI;34;7;44;19;8;6
25/07/2016;LUNDI   ;3;29;46;5;1;4
23/07/2016;SAMEDI  ;2;27;33;21;15;10
20/07/2016;MERCREDI;32;1;13;29;46;1
18/07/2016;LUNDI   ;29;25;2;39;20;7
16/07/2016;SAMEDI  ;45;21;46;48;11;4
13/07/2016;MERCREDI;30;28;47;34;7;10
11/07/2016;LUNDI   ;36;35;2;25;27;4
09/07/2016;SAMEDI  ;46;15;6;39;3;10
06/07/2016;MERCREDI;26;38;47;13;16;8
04/07/2016;LUNDI   ;12;10;25;22;47;1
02/07/2016;SAMEDI  ;8;24;31;17;16;5
29/06/2016;MERCREDI;17;22;9;14;48;10
27/06/2016;LUNDI   ;22;23;8;41;24;7
25/06/2016;SAMEDI  ;16;20;19;35;49;3
22/06/2016;MERCREDI;4;27;10;36;5;9
20/06/2016;LUNDI   ;38;4;45;13;43;10
18/06/2016;SAMEDI  ;18;33;10;20;39;3
15/06/2016;MERCREDI;34;2;8;5;33;10
13/06/2016;LUNDI   ;28;36;5;21;8;8
11/06/2016;SAMEDI  ;7;17;22;46;44;6
08/06/2016;MERCREDI;45;6;8;49;33;9
06/06/2016;LUNDI   ;23;32;48;47;25;5
04/06/2016;SAMEDI  ;39;2;16;19;25;1
01/06/2016;MERCREDI;27;35;26;44;22;10
30/05/2016;LUNDI   ;6;38;7;13;40;3
28/05/2016;SAMEDI  ;19;3;1;14;13;6
25/05/2016;MERCREDI;20;12;36;21;4;3
23/05/2016;LUNDI   ;41;48;22;26;7;2
21/05/2016;SAMEDI  ;41;26;23;12;48;4
18/05/2016;MERCREDI;22;1;40;38;49;9
16/05/2016;LUNDI   ;36;38;31;6;16;1
14/05/2016;SAMEDI  ;42;28;30;1;27;5
11/05/2016;MERCREDI;31;44;29;19;15;10
09/05/2016;LUNDI   ;24;29;4;11;14;1
07/05/2016;SAMEDI  ;35;33;42;20;14;4
04/05/2016;MERCREDI;15;7;42;8;24;9
02/05/2016;LUNDI   ;47;36;43;48;26;6
30/04/2016;SAMEDI  ;49;29;2;30;36;7
27/04/2016;MERCREDI;9;36;25;45;44;10
25/04/2016;LUNDI   ;39;19;13;18;22;6
23/04/2016;SAMEDI  ;26;15;22;2;17;7
20/04/2016;MERCREDI;12;15;36;41;13;9
18/04/2016;LUNDI   ;47;29;24;38;26;7
16/04/2016;SAMEDI  ;33;25;36;39;40;9
13/04/2016;MERCREDI;31;49;34;2;4;4
11/04/2016;LUNDI   ;34;29;4;26;25;2
09/04/2016;SAMEDI  ;42;49;39;14;16;6
06/04/2016;MERCREDI;21;19;28;24;44;5
04/04/2016;LUNDI   ;36;7;48;11;8;3
02/04/2016;SAMEDI  ;29;34;18;22;19;1
30/03/2016;MERCREDI;43;20;46;35;23;6
28/03/2016;LUNDI   ;26;2;28;4;15;2
26/03/2016;SAMEDI  ;14;3;20;17;1;1
23/03/2016;MERCREDI;14;19;17;8;5;9
21/03/2016;LUNDI   ;3;34;42;37;10;2
19/03/2016;SAMEDI  ;49;13;4;36;18;5
16/03/2016;MERCREDI;43;18;11;7;9;10
14/03/2016;LUNDI   ;19;39;27;14;36;8
12/03/2016;SAMEDI  ;27;17;9;25;46;6
09/03/2016;MERCREDI;40;22;20;19;41;2
07/03/2016;LUNDI   ;11;6;49;41;12;1
05/03/2016;SAMEDI  ;34;5;14;49;23;6
02/03/2016;MERCREDI;40;48;44;20;34;2
29/02/2016;LUNDI   ;13;3;1;24;45;1
27/02/2016;SAMEDI  ;11;47;13;10;28;6
24/02/2016;MERCREDI;20;18;44;1;49;7
22/02/2016;LUNDI   ;23;2;5;48;26;5
20/02/2016;SAMEDI  ;9;33;34;41;20;8
17/02/2016;MERCREDI;29;17;40;34;2;10
15/02/2016;LUNDI   ;37;21;38;4;10;5
13/02/2016;SAMEDI  ;38;30;27;41;10;4
10/02/2016;MERCREDI;44;46;1;27;48;10
08/02/2016;LUNDI   ;30;1;28;39;11;6
06/02/2016;SAMEDI  ;44;25;2;41;28;9
03/02/2016;MERCREDI;5;44;24;28;25;3
01/02/2016;LUNDI   ;18;36;13;40;48;4
30/01/2016;SAMEDI  ;1;3;31;11;49;1
27/01/2016;MERCREDI;31;44;48;37;32;9
25/01/2016;LUNDI   ;12;4;38;10;41;3
23/01/2016;SAMEDI  ;42;3;15;41;33;3
20/01/2016;MERCREDI;34;21;9;42;31;8
18/01/2016;LUNDI   ;2;5;3;10;1;4
16/01/2016;SAMEDI  ;17;45;26;27;13;6
13/01/2016;MERCREDI;30;11;35;33;3;2
11/01/2016;LUNDI   ;41;29;19;43;14;9
09/01/2016;SAMEDI  ;22;39;4;49;45;6
06/01/2016;MERCREDI;49;22;14;5;2;4
04/01/2016;LUNDI   ;34;43;23;15;40;3
02/01/2016;SAMEDI  ;19;44;37;46;10;10
30/12/2015;MERCREDI;16;2;34;25;1;5
28/12/2015;LUNDI   ;10;12;7;20;45;7
26/12/2015;SAMEDI  ;15;21;20;38;43;1
23/12/2015;MERCREDI;13;17;28;46;42;2
21/12/2015;LUNDI   ;11;19;33;41;7;3
19/12/2015;SAMEDI  ;4;25;42;39;38;7
16/12/2015;MERCREDI;46;41;24;35;22;10
14/12/2015;LUNDI   ;31;49;7;20;11;7
12/12/2015;SAMEDI  ;13;40;2;34;15;8
09/12/2015;MERCREDI;6;34;12;49;10;7
07/12/2015;LUNDI   ;22;28;42;37;14;10
05/12/2015;SAMEDI  ;9;26;47;20;27;7
02/12/2015;MERCREDI;39;9;3;45;10;7
30/11/2015;LUNDI   ;27;19;5;35;40;9
28/11/2015;SAMEDI  ;30;19;37;12;46;9
25/11/2015;MERCREDI;24;18;22;41;7;3
23/11/2015;LUNDI   ;47;12;14;37;20;6
21/11/2015;SAMEDI  ;43;24;12;18;16;10
18/11/2015;MERCREDI;25;23;5;1;47;1
16/11/2015;LUNDI   ;28;47;40;12;42;1
14/11/2015;SAMEDI  ;34;29;47;10;37;10
11/11/2015;MERCREDI;17;1;6;13;15;2
09/11/2015;LUNDI   ;25;32;8;37;39;10
07/11/2015;SAMEDI  ;7;32;4;23;28;1
04/11/2015;MERCREDI;32;11;8;21;15;6
02/11/2015;LUNDI   ;21;32;8;48;7;4
31/10/2015;SAMEDI  ;33;36;48;43;34;10
28/10/2015;MERCREDI;49;2;17;30;5;2
26/10/2015;LUNDI   ;17;19;23;4;49;3
24/10/2015;SAMEDI  ;7;12;39;29;11;2
21/10/2015;MERCREDI;25;35;22;26;31;6
19/10/2015;LUNDI   ;36;33;31;48;47;7
17/10/2015;SAMEDI  ;22;33;14;46;9;8
14/10/2015;MERCREDI;38;20;33;6;35;2
12/10/2015;LUNDI   ;1;16;49;3;4;4
10/10/2015;SAMEDI  ;41;23;15;30;45;7
07/10/2015;MERCREDI;29;27;2;14;28;9
05/10/2015;LUNDI   ;27;28;13;31;42;6
03/10/2015;SAMEDI  ;27;18;8;37;20;4
30/09/2015;MERCREDI;16;18;15;35;26;7
28/09/2015;LUNDI   ;23;39;37;36;49;8
26/09/2015;SAMEDI  ;14;13;4;24;21;1
23/09/2015;MERCREDI;35;49;18;20;31;3
21/09/2015;LUNDI   ;42;47;28;27;12;5
19/09/2015;SAMEDI  ;2;25;43;16;33;9
16/09/2015;MERCREDI;7;34;42;11;17;6
14/09/2015;LUNDI   ;3;43;48;37;49;2
12/09/2015;SAMEDI  ;41;1;30;38;31;10
09/09/2015;MERCREDI;3;19;10;44;41;7
07/09/2015;LUNDI   ;5;19;21;32;29;3
05/09/2015;SAMEDI  ;24;45;14;25;42;9
02/09/2015;MERCREDI;29;6;9;17;28;2
31/08/2015;LUNDI   ;12;41;38;1;31;4
29/08/2015;SAMEDI  ;43;40;2;38;23;8
26/08/2015;MERCREDI;44;26;41;15;37;8
24/08/2015;LUNDI   ;6;5;17;42;30;1
22/08/2015;SAMEDI  ;19;4;20;29;49;9
19/08/2015;MERCREDI;21;6;45;34;38;4
17/08/2015;LUNDI   ;29;9;26;36;42;1
15/08/2015;SAMEDI  ;49;13;6;25;47;4
12/08/2015;MERCREDI;15;43;1;24;8;2
10/08/2015;LUNDI   ;37;44;14;12;28;5
08/08/2015;SAMEDI  ;12;8;11;35;33;9
05/08/2015;MERCREDI;34;10;22;36;9;4
03/08/2015;LUNDI   ;48;10;49;1;39;1
01/08/2015;SAMEDI  ;9;31;24;34;23;9
29/07/2015;MERCREDI;22;2;3;42;36;9
27/07/2015;LUNDI   ;14;28;37;41;6;5
25/07/2015;SAMEDI  ;43;7;5;10;13;4
22/07/2015;MERCREDI;36;30;33;31;24;1
20/07/2015;LUNDI   ;31;17;2;24;29;1
18/07/2015;SAMEDI  ;45;41;37;35;18;3
15/07/2015;MERCREDI;46;2;30;43;14;8
13/07/2015;LUNDI   ;22;39;31;37;29;8
11/07/2015;SAMEDI  ;14;26;4;23;36;1
08/07/2015;MERCREDI;5;39;32;42;20;7
06/07/2015;LUNDI   ;17;12;36;35;43;3
04/07/2015;SAMEDI  ;4;49;38;29;40;3
01/07/2015;MERCREDI;49;5;19;18;38;10
29/06/2015;LUNDI   ;14;16;2;12;42;7
27/06/2015;SAMEDI  ;47;14;42;40;29;4
24/06/2015;MERCREDI;29;49;38;25;41;2
22/06/2015;LUNDI   ;35;43;37;24;38;2
20/06/2015;SAMEDI  ;32;8;3;13;37;4
17/06/2015;MERCREDI;44;30;26;48;41;1
15/06/2015;LUNDI   ;35;19;37;22;16;2
13/06/2015;SAMEDI  ;16;11;29;15;46;4
10/06/2015;MERCREDI;12;46;40;8;19;8
08/06/2015;LUNDI   ;41;3;8;9;44;10
06/06/2015;SAMEDI  ;4;24;29;47;30;3
03/06/2015;MERCREDI;12;18;30;25;47;2
01/06/2015;LUNDI   ;3;38;4;49;12;2
30/05/2015;SAMEDI  ;43;6;30;47;45;5
27/05/2015;MERCREDI;22;32;42;8;29;3
25/05/2015;LUNDI   ;44;35;49;15;29;3
23/05/2015;SAMEDI  ;45;41;12;26;19;7
20/05/2015;MERCREDI;12;10;22;37;41;10
18/05/2015;LUNDI   ;38;41;39;2;10;5
16/05/2015;SAMEDI  ;39;8;22;46;23;3
13/05/2015;MERCREDI;45;22;37;15;6;5
11/05/2015;LUNDI   ;49;1;34;28;31;4
09/05/2015;SAMEDI  ;4;46;8;29;40;3
06/05/2015;MERCREDI;35;32;29;7;34;10
04/05/2015;LUNDI   ;14;30;48;8;49;1
02/05/2015;SAMEDI  ;46;33;30;19;3;5
29/04/2015;MERCREDI;42;20;2;35;49;3
27/04/2015;LUNDI   ;15;28;43;41;5;4
25/04/2015;SAMEDI  ;30;20;29;10;27;6
22/04/2015;MERCREDI;10;43;21;25;45;5
20/04/2015;LUNDI   ;10;37;28;15;2;2
18/04/2015;SAMEDI  ;44;1;49;38;20;3
15/04/2015;MERCREDI;43;6;10;30;39;5
13/04/2015;LUNDI   ;41;9;43;48;36;2
11/04/2015;SAMEDI  ;45;41;5;17;33;9
08/04/2015;MERCREDI;15;36;38;30;2;2
06/04/2015;LUNDI   ;31;16;33;17;1;3
04/04/2015;SAMEDI  ;33;15;23;28;39;1
01/04/2015;MERCREDI;13;21;25;20;41;4
30/03/2015;LUNDI   ;4;20;13;10;32;1
28/03/2015;SAMEDI  ;20;19;40;39;27;8
25/03/2015;MERCREDI;43;10;20;9;17;7
23/03/2015;LUNDI   ;48;49;3;1;20;7
21/03/2015;SAMEDI  ;28;47;41;22;21;5
18/03/2015;MERCREDI;26;15;10;4;30;5
16/03/2015;LUNDI   ;35;11;49;7;48;7
14/03/2015;SAMEDI  ;30;39;3;14;8;10
11/03/2015;MERCREDI;49;2;35;1;36;4
09/03/2015;LUNDI   ;35;31;26;34;28;5
07/03/2015;SAMEDI  ;48;9;18;43;3;2
04/03/2015;MERCREDI;32;16;8;23;34;4
02/03/2015;LUNDI   ;17;11;27;48;23;1
28/02/2015;SAMEDI  ;14;46;5;30;36;6
25/02/2015;MERCREDI;44;47;20;30;29;1
23/02/2015;LUNDI   ;40;3;22;4;28;2
21/02/2015;SAMEDI  ;3;45;47;13;27;4
18/02/2015;MERCREDI;44;21;29;9;25;7
16/02/2015;LUNDI   ;36;14;9;1;20;2
14/02/2015;SAMEDI  ;27;41;38;26;2;7
11/02/2015;MERCREDI;13;40;24;17;45;3
09/02/2015;LUNDI   ;40;49;34;27;4;2
07/02/2015;SAMEDI  ;21;29;7;37;19;2
04/02/2015;MERCREDI;49;9;28;24;35;4
02/02/2015;LUNDI   ;17;16;14;1;11;10
31/01/2015;SAMEDI  ;14;31;46;25;4;5
28/01/2015;MERCREDI;41;12;33;9;16;1
26/01/2015;LUNDI   ;18;17;27;35;40;6
24/01/2015;SAMEDI  ;36;44;21;13;5;1
21/01/2015;MERCREDI;19;6;34;49;42;10
19/01/2015;LUNDI   ;25;4;18;7;35;4
17/01/2015;SAMEDI  ;43;19;30;39;40;4
14/01/2015;MERCREDI;23;18;7;2;21;6
12/01/2015;LUNDI   ;20;15;27;13;34;1
10/01/2015;SAMEDI  ;18;5;33;2;23;4
07/01/2015;MERCREDI;20;29;21;33;7;1
05/01/2015;LUNDI   ;37;8;49;31;45;7
03/01/2015;SAMEDI  ;31;32;12;28;48;3
31/12/2014;MERCREDI;46;43;41;37;34;10
29/12/2014;LUNDI   ;30;26;44;27;49;1
27/12/2014;SAMEDI  ;20;48;34;39;4;10
24/12/2014;MERCREDI;31;36;4;22;18;7
22/12/2014;LUNDI   ;34;35;23;16;6;8
20/12/2014;SAMEDI  ;19;10;26;21;22;9
17/12/2014;MERCREDI;32;46;6;8;13;10
15/12/2014;LUNDI   ;23;47;41;42;15;4
13/12/2014;SAMEDI  ;43;13;10;20;38;1
10/12/2014;MERCREDI;27;11;16;3;8;6
08/12/2014;LUNDI   ;10;14;43;32;47;10
06/12/2014;SAMEDI  ;43;37;20;10;18;8
03/12/2014;MERCREDI;49;26;28;31;11;7
01/12/2014;LUNDI   ;43;49;40;48;44;8
29/11/2014;SAMEDI  ;18;44;2;47;49;2
26/11/2014;MERCREDI;5;34;47;12;20;3
24/11/2014;LUNDI   ;18;47;49;32;17;3
22/11/2014;SAMEDI  ;22;1;44;9;26;10
19/11/2014;MERCREDI;41;18;13;14;29;3
17/11/2014;LUNDI   ;23;47;16;48;35;10
15/11/2014;SAMEDI  ;28;16;39;23;3;10
12/11/2014;MERCREDI;27;13;19;40;23;5
10/11/2014;LUNDI   ;24;23;30;6;18;7
08/11/2014;SAMEDI  ;40;14;46;27;7;5
05/11/2014;MERCREDI;27;24;37;46;1;1
03/11/2014;LUNDI   ;34;45;18;44;24;8
01/11/2014;SAMEDI  ;48;29;2;36;9;10
29/10/2014;MERCREDI;32;18;17;6;29;9
27/10/2014;LUNDI   ;13;32;12;28;33;6
25/10/2014;SAMEDI  ;14;39;24;49;47;4
22/10/2014;MERCREDI;10;19;47;35;33;2
20/10/2014;LUNDI   ;30;40;13;21;26;5
18/10/2014;SAMEDI  ;1;43;24;15;27;7
15/10/2014;MERCREDI;28;9;37;41;46;10
13/10/2014;LUNDI   ;29;15;1;12;30;1
11/10/2014;SAMEDI  ;24;19;10;28;15;9
08/10/2014;MERCREDI;13;4;21;43;23;10
06/10/2014;LUNDI   ;20;22;46;40;9;7
04/10/2014;SAMEDI  ;14;45;29;12;41;7
01/10/2014;MERCREDI;17;42;44;27;16;8
29/09/2014;LUNDI   ;41;28;17;4;33;5
27/09/2014;SAMEDI  ;26;29;9;35;38;5
24/09/2014;MERCREDI;16;49;10;38;25;9
22/09/2014;LUNDI   ;44;31;26;1;13;6
20/09/2014;SAMEDI  ;34;31;25;46;22;6
17/09/2014;MERCREDI;23;18;10;6;3;4
15/09/2014;LUNDI   ;16;44;2;10;35;6
13/09/2014;SAMEDI  ;7;28;27;23;33;1
10/09/2014;MERCREDI;6;16;31;26;40;7
08/09/2014;LUNDI   ;1;40;17;43;42;10
06/09/2014;SAMEDI  ;42;14;15;13;3;7
03/09/2014;MERCREDI;10;38;20;4;13;4
01/09/2014;LUNDI   ;42;22;47;16;38;1
30/08/2014;SAMEDI  ;25;40;30;36;6;8
27/08/2014;MERCREDI;4;44;32;22;14;2
25/08/2014;LUNDI   ;26;9;45;31;43;1
23/08/2014;SAMEDI  ;7;17;29;26;21;7
20/08/2014;MERCREDI;22;33;31;41;15;4
18/08/2014;LUNDI   ;24;45;19;1;46;3
16/08/2014;SAMEDI  ;22;40;23;37;9;4
13/08/2014;MERCREDI;3;18;13;43;28;5
11/08/2014;LUNDI   ;36;32;11;46;25;7
09/08/2014;SAMEDI  ;34;4;5;9;21;7
06/08/2014;MERCREDI;13;41;34;21;15;8
04/08/2014;LUNDI   ;16;28;36;24;43;6
02/08/2014;SAMEDI  ;25;32;4;8;41;10
30/07/2014;MERCREDI;25;7;13;9;8;9
28/07/2014;LUNDI   ;45;14;1;42;43;9
26/07/2014;SAMEDI  ;1;5;43;41;22;4
23/07/2014;MERCREDI;1;32;8;15;24;6
21/07/2014;LUNDI   ;21;3;9;27;10;4
19/07/2014;SAMEDI  ;8;44;29;43;45;6
16/07/2014;MERCREDI;42;3;36;28;49;7
14/07/2014;LUNDI   ;21;41;32;38;37;9
12/07/2014;SAMEDI  ;29;23;22;13;1;1
09/07/2014;MERCREDI;8;6;36;4;34;5
07/07/2014;LUNDI   ;31;41;32;14;13;10
05/07/2014;SAMEDI  ;25;11;7;33;3;6
02/07/2014;MERCREDI;36;27;8;39;47;3
30/06/2014;LUNDI   ;47;27;5;24;46;2
28/06/2014;SAMEDI  ;40;24;22;13;43;3
25/06/2014;MERCREDI;5;4;23;30;41;4
23/06/2014;LUNDI   ;40;38;32;4;31;4
21/06/2014;SAMEDI  ;11;3;30;29;32;1
18/06/2014;MERCREDI;47;13;30;9;18;3
16/06/2014;LUNDI   ;5;37;16;42;3;1
14/06/2014;SAMEDI  ;7;24;18;34;5;5
11/06/2014;MERCREDI;22;9;42;15;32;6
09/06/2014;LUNDI   ;47;34;45;35;10;9
07/06/2014;SAMEDI  ;5;37;45;38;21;2
04/06/2014;MERCREDI;43;36;8;22;3;3
02/06/2014;LUNDI   ;41;35;47;26;22;5
31/05/2014;SAMEDI  ;16;2;28;40;14;1
28/05/2014;MERCREDI;9;26;8;48;46;7
26/05/2014;LUNDI   ;3;8;40;39;32;1
24/05/2014;SAMEDI  ;40;18;39;24;17;1
21/05/2014;MERCREDI;49;9;35;23;1;1
19/05/2014;LUNDI   ;49;41;8;9;40;3
17/05/2014;SAMEDI  ;48;41;37;32;43;7
14/05/2014;MERCREDI;6;25;21;5;33;1
12/05/2014;LUNDI   ;43;33;36;12;2;5
10/05/2014;SAMEDI  ;37;6;15;21;17;4
07/05/2014;MERCREDI;6;46;47;11;1;5
05/05/2014;LUNDI   ;28;16;37;19;2;10
03/05/2014;SAMEDI  ;16;5;41;11;36;5
30/04/2014;MERCREDI;32;35;19;23;43;10
28/04/2014;LUNDI   ;45;32;19;49;36;7
26/04/2014;SAMEDI  ;2;38;43;14;3;4
23/04/2014;MERCREDI;3;30;10;29;39;10
21/04/2014;LUNDI   ;27;9;38;18;20;1
19/04/2014;SAMEDI  ;22;40;21;12;45;8
16/04/2014;MERCREDI;26;25;12;49;8;1
14/04/2014;LUNDI   ;11;7;43;45;14;3
12/04/2014;SAMEDI  ;5;34;42;16;10;10
09/04/2014;MERCREDI;28;14;39;12;38;10
07/04/2014;LUNDI   ;23;42;11;31;13;4
05/04/2014;SAMEDI  ;40;9;22;13;45;5
02/04/2014;MERCREDI;6;41;28;16;34;4
31/03/2014;LUNDI   ;28;6;7;32;2;4
29/03/2014;SAMEDI  ;19;12;28;29;45;4
26/03/2014;MERCREDI;40;47;38;11;21;6
24/03/2014;LUNDI   ;18;41;39;21;37;9
22/03/2014;SAMEDI  ;20;49;14;26;4;2
19/03/2014;MERCREDI;27;19;5;26;28;9
17/03/2014;LUNDI   ;8;33;22;45;19;6
15/03/2014;SAMEDI  ;5;26;30;15;37;4
12/03/2014;MERCREDI;42;36;1;20;25;10
10/03/2014;LUNDI   ;43;16;4;6;30;9
08/03/2014;SAMEDI  ;35;40;6;46;15;7
05/03/2014;MERCREDI;12;1;32;42;31;1
03/03/2014;LUNDI   ;41;40;28;21;36;10
01/03/2014;SAMEDI  ;17;20;15;5;4;5
26/02/2014;MERCREDI;19;41;5;22;33;1
24/02/2014;LUNDI   ;18;8;5;21;38;7
22/02/2014;SAMEDI  ;30;26;48;32;1;10
19/02/2014;MERCREDI;44;32;25;47;27;7
17/02/2014;LUNDI   ;20;32;9;23;1;1
15/02/2014;SAMEDI  ;33;4;12;49;18;9
12/02/2014;MERCREDI;7;16;48;15;10;7
10/02/2014;LUNDI   ;18;11;41;45;17;2
08/02/2014;SAMEDI  ;6;7;39;38;14;7
05/02/2014;MERCREDI;2;48;16;7;41;8
03/02/2014;LUNDI   ;44;33;5;1;13;2
01/02/2014;SAMEDI  ;21;2;48;41;10;6
29/01/2014;MERCREDI;35;8;6;25;2;8
27/01/2014;LUNDI   ;46;19;33;1;48;4
25/01/2014;SAMEDI  ;18;37;17;14;30;5
22/01/2014;MERCREDI;38;42;1;22;40;7
20/01/2014;LUNDI   ;10;1;42;40;35;5
18/01/2014;SAMEDI  ;43;1;37;47;2;8
15/01/2014;MERCREDI;7;20;35;37;30;6
13/01/2014;LUNDI   ;33;3;47;29;20;4
11/01/2014;SAMEDI  ;35;25;18;8;39;9
08/01/2014;MERCREDI;4;42;29;45;14;8
06/01/2014;LUNDI   ;30;29;17;13;19;9
04/01/2014;SAMEDI  ;1;29;45;6;16;5
01/01/2014;MERCREDI;39;37;34;26;6;7
30/12/2013;LUNDI   ;20;22;44;41;11;8
28/12/2013;SAMEDI  ;1;16;20;32;26;7
25/12/2013;MERCREDI;36;23;45;28;24;3
23/12/2013;LUNDI   ;34;29;41;37;18;5
21/12/2013;SAMEDI  ;24;18;19;33;10;4
18/12/2013;MERCREDI;36;46;38;8;30;1
16/12/2013;LUNDI   ;36;31;1;37;33;6
14/12/2013;SAMEDI  ;46;45;8;30;18;1
11/12/2013;MERCREDI;43;4;39;40;27;8
09/12/2013;LUNDI   ;45;33;20;24;6;6
07/12/2013;SAMEDI  ;17;14;2;8;34;7
04/12/2013;MERCREDI;21;34;27;25;29;3
02/12/2013;LUNDI   ;33;34;19;40;36;5
30/11/2013;SAMEDI  ;19;36;20;40;2;2
27/11/2013;MERCREDI;16;12;45;34;11;9
25/11/2013;LUNDI   ;27;15;16;4;42;4
23/11/2013;SAMEDI  ;4;2;48;12;33;9
20/11/2013;MERCREDI;35;28;46;14;18;1
18/11/2013;LUNDI   ;36;46;29;3;28;10
16/11/2013;SAMEDI  ;38;44;20;29;33;8
13/11/2013;MERCREDI;7;38;16;36;47;6
11/11/2013;LUNDI   ;42;48;32;12;16;9
09/11/2013;SAMEDI  ;39;33;12;30;9;4
06/11/2013;MERCREDI;20;40;30;16;6;3
04/11/2013;LUNDI   ;13;18;8;24;15;6
02/11/2013;SAMEDI  ;7;12;4;13;18;9
30/10/2013;MERCREDI;46;48;14;21;35;1
28/10/2013;LUNDI   ;44;32;8;14;23;8
26/10/2013;SAMEDI  ;40;3;35;42;47;7
23/10/2013;MERCREDI;5;11;20;22;10;3
21/10/2013;LUNDI   ;25;32;35;17;36;7
19/10/2013;SAMEDI  ;33;49;44;8;25;1
16/10/2013;MERCREDI;9;12;40;23;14;8
14/10/2013;LUNDI   ;21;35;19;15;33;4
12/10/2013;SAMEDI  ;24;32;22;4;17;8
09/10/2013;MERCREDI;1;26;18;20;12;2
07/10/2013;LUNDI   ;16;31;6;46;15;5
05/10/2013;SAMEDI  ;9;7;14;27;38;9
02/10/2013;MERCREDI;11;21;39;17;6;7
30/09/2013;LUNDI   ;10;26;45;15;28;9
28/09/2013;SAMEDI  ;34;29;45;1;9;5
25/09/2013;MERCREDI;6;2;44;43;12;5
23/09/2013;LUNDI   ;2;11;21;1;36;1
21/09/2013;SAMEDI  ;41;30;17;26;16;9
18/09/2013;MERCREDI;35;26;45;4;40;3
16/09/2013;LUNDI   ;6;15;24;38;26;5
14/09/2013;SAMEDI  ;49;18;28;24;43;7
11/09/2013;MERCREDI;35;13;7;6;23;2
09/09/2013;LUNDI   ;22;23;35;3;5;7
07/09/2013;SAMEDI  ;25;24;44;11;1;3
04/09/2013;MERCREDI;49;6;25;17;42;6
02/09/2013;LUNDI   ;46;16;20;41;8;8
31/08/2013;SAMEDI  ;26;3;2;33;14;7
28/08/2013;MERCREDI;40;23;30;2;33;1
26/08/2013;LUNDI   ;49;1;9;14;25;10
24/08/2013;SAMEDI  ;39;11;5;29;41;7
21/08/2013;MERCREDI;39;12;38;11;26;10
19/08/2013;LUNDI   ;40;25;2;3;46;9
17/08/2013;SAMEDI  ;43;33;32;26;41;10
14/08/2013;MERCREDI;30;22;5;35;17;2
12/08/2013;LUNDI   ;4;11;38;28;21;7
10/08/2013;SAMEDI  ;19;5;41;15;24;5
07/08/2013;MERCREDI;45;33;16;40;3;4
05/08/2013;LUNDI   ;24;39;11;6;43;4
03/08/2013;SAMEDI  ;44;22;33;27;17;9
31/07/2013;MERCREDI;28;31;23;41;8;7
29/07/2013;LUNDI   ;4;34;40;35;36;5
27/07/2013;SAMEDI  ;35;44;29;37;10;4
24/07/2013;MERCREDI;27;37;19;36;44;3
22/07/2013;LUNDI   ;12;32;29;7;38;1
20/07/2013;SAMEDI  ;48;28;9;17;30;7
17/07/2013;MERCREDI;16;8;17;48;31;4
15/07/2013;LUNDI   ;34;7;43;33;44;9
13/07/2013;SAMEDI  ;31;21;37;10;28;8
10/07/2013;MERCREDI;31;37;24;39;14;7
08/07/2013;LUNDI   ;44;8;24;25;26;5
06/07/2013;SAMEDI  ;13;35;30;44;12;2
03/07/2013;MERCREDI;36;2;7;25;39;4
01/07/2013;LUNDI   ;5;31;21;37;38;6
29/06/2013;SAMEDI  ;23;37;8;14;9;7
26/06/2013;MERCREDI;39;16;19;29;12;8
24/06/2013;LUNDI   ;29;5;24;19;10;1
22/06/2013;SAMEDI  ;21;26;37;16;35;8
19/06/2013;MERCREDI;32;22;17;43;19;1
17/06/2013;LUNDI   ;38;39;3;17;1;1
15/06/2013;SAMEDI  ;32;38;26;4;23;2
12/06/2013;MERCREDI;20;40;46;3;44;4
10/06/2013;LUNDI   ;13;15;3;35;32;1
08/06/2013;SAMEDI  ;19;33;29;32;17;2
05/06/2013;MERCREDI;27;41;23;25;4;1
03/06/2013;LUNDI   ;14;4;38;34;25;9
01/06/2013;SAMEDI  ;21;30;8;7;6;3
29/05/2013;MERCREDI;34;41;48;23;45;7
27/05/2013;LUNDI   ;37;15;9;28;13;2
25/05/2013;SAMEDI  ;42;7;36;13;40;2
22/05/2013;MERCREDI;3;34;2;17;13;9
20/05/2013;LUNDI   ;47;27;25;23;9;3
18/05/2013;SAMEDI  ;4;5;20;7;17;3
15/05/2013;MERCREDI;32;27;8;13;11;4
13/05/2013;LUNDI   ;23;29;40;49;15;5
11/05/2013;SAMEDI  ;26;49;45;3;16;9
08/05/2013;MERCREDI;13;5;43;25;15;10
06/05/2013;LUNDI   ;48;13;15;24;23;7
04/05/2013;SAMEDI  ;6;13;40;45;15;4
01/05/2013;MERCREDI;7;41;31;32;4;9
29/04/2013;LUNDI   ;12;21;39;11;27;9
27/04/2013;SAMEDI  ;17;26;39;19;9;10
24/04/2013;MERCREDI;1;48;13;6;5;9
22/04/2013;LUNDI   ;22;16;11;37;14;1
20/04/2013;SAMEDI  ;28;24;3;42;9;9
17/04/2013;MERCREDI;38;16;32;12;29;8
15/04/2013;LUNDI   ;45;20;21;26;46;3
13/04/2013;SAMEDI  ;23;43;22;41;33;4
10/04/2013;MERCREDI;9;18;3;45;28;5
08/04/2013;LUNDI   ;19;6;38;8;37;2
06/04/2013;SAMEDI  ;15;29;42;1;33;7
03/04/2013;MERCREDI;36;18;37;42;45;8
01/04/2013;LUNDI   ;47;16;10;43;27;2
30/03/2013;SAMEDI  ;26;10;9;30;34;2
27/03/2013;MERCREDI;21;47;24;49;33;3
25/03/2013;LUNDI   ;29;25;14;41;10;4
23/03/2013;SAMEDI  ;17;11;41;9;24;6
20/03/2013;MERCREDI;37;5;1;49;12;7
18/03/2013;LUNDI   ;10;20;18;24;32;9
16/03/2013;SAMEDI  ;16;5;46;33;38;5
13/03/2013;MERCREDI;13;12;34;41;40;7
11/03/2013;LUNDI   ;8;16;44;7;49;6
09/03/2013;SAMEDI  ;49;4;40;11;22;5
06/03/2013;MERCREDI;28;36;42;26;44;4
04/03/2013;LUNDI   ;47;1;45;9;30;10
02/03/2013;SAMEDI  ;18;38;5;22;30;2
27/02/2013;MERCREDI;25;40;21;34;6;7
25/02/2013;LUNDI   ;43;18;17;14;46;2
23/02/2013;SAMEDI  ;47;36;42;30;45;5
20/02/2013;MERCREDI;6;8;42;27;7;1
18/02/2013;LUNDI   ;2;13;19;41;5;5
16/02/2013;SAMEDI  ;19;34;26;27;4;6
13/02/2013;MERCREDI;39;48;19;46;14;2
11/02/2013;LUNDI   ;25;42;1;36;45;7
09/02/2013;SAMEDI  ;23;5;2;47;4;7
06/02/2013;MERCREDI;40;3;7;33;25;1
04/02/2013;LUNDI   ;34;33;18;6;30;2
02/02/2013;SAMEDI  ;45;33;7;6;34;3
30/01/2013;MERCREDI;41;31;40;11;48;5
28/01/2013;LUNDI   ;38;29;20;40;28;9
26/01/2013;SAMEDI  ;18;39;2;23;34;6
23/01/2013;MERCREDI;11;49;36;9;19;6
21/01/2013;LUNDI   ;35;7;32;38;22;6
19/01/2013;SAMEDI  ;22;23;45;42;9;8
16/01/2013;MERCREDI;27;6;16;24;46;5
14/01/2013;LUNDI   ;35;30;10;37;7;6
12/01/2013;SAMEDI  ;13;48;40;6;37;7
09/01/2013;MERCREDI;30;33;22;29;26;9
07/01/2013;LUNDI   ;45;31;15;32;48;5
05/01/2013;SAMEDI  ;30;46;47;6;45;6
02/01/2013;MERCREDI;33;21;37;22;31;4
31/12/2012;LUNDI   ;4;47;21;44;36;3
29/12/2012;SAMEDI  ;45;7;11;37;23;4
26/12/2012;MERCREDI;3;17;31;5;2;9
24/12/2012;LUNDI   ;5;12;32;7;47;6
22/12/2012;SAMEDI  ;47;1;2;34;24;1
19/12/2012;MERCREDI;5;10;25;19;49;8
17/12/2012;LUNDI   ;16;27;39;29;32;5
15/12/2012;SAMEDI  ;26;24;11;33;41;9
12/12/2012;MERCREDI;37;19;32;36;20;4
10/12/2012;LUNDI   ;36;16;4;20;47;8
08/12/2012;SAMEDI  ;22;47;45;24;28;2
05/12/2012;MERCREDI;28;24;36;45;27;8
03/12/2012;LUNDI   ;39;25;16;6;11;6
01/12/2012;SAMEDI  ;19;25;12;45;44;10
28/11/2012;MERCREDI;16;34;28;4;11;1
26/11/2012;LUNDI   ;35;15;48;44;9;6
24/11/2012;SAMEDI  ;18;21;19;5;28;2
21/11/2012;MERCREDI;10;43;6;4;46;10
19/11/2012;LUNDI   ;6;41;16;1;3;1
17/11/2012;SAMEDI  ;8;6;27;37;33;7
14/11/2012;MERCREDI;29;40;39;46;21;8
12/11/2012;LUNDI   ;25;45;20;6;48;7
10/11/2012;SAMEDI  ;19;46;17;3;43;5
07/11/2012;MERCREDI;34;16;21;2;40;7
05/11/2012;LUNDI   ;27;14;37;9;33;7
03/11/2012;SAMEDI  ;15;11;9;22;36;8
31/10/2012;MERCREDI;29;23;41;16;5;1
29/10/2012;LUNDI   ;19;16;46;13;38;7
27/10/2012;SAMEDI  ;29;2;41;47;10;1
24/10/2012;MERCREDI;30;24;5;40;17;7
22/10/2012;LUNDI   ;28;25;24;14;41;5
20/10/2012;SAMEDI  ;34;14;11;24;41;5
17/10/2012;MERCREDI;19;10;32;20;13;2
15/10/2012;LUNDI   ;7;23;11;39;44;8
13/10/2012;SAMEDI  ;41;49;1;35;16;4
10/10/2012;MERCREDI;16;35;37;3;19;3
08/10/2012;LUNDI   ;39;32;24;13;27;2
06/10/2012;SAMEDI  ;27;1;47;30;39;4
03/10/2012;MERCREDI;16;44;25;26;24;1
01/10/2012;LUNDI   ;34;2;40;29;41;6
29/09/2012;SAMEDI  ;21;18;47;10;7;1
26/09/2012;MERCREDI;42;29;38;12;46;9
24/09/2012;LUNDI   ;41;18;40;1;21;6
22/09/2012;SAMEDI  ;17;23;37;44;25;9
19/09/2012;MERCREDI;49;5;34;27;41;7
17/09/2012;LUNDI   ;16;25;14;7;17;7
15/09/2012;SAMEDI  ;17;21;43;37;15;2
12/09/2012;MERCREDI;32;1;49;12;38;8
10/09/2012;LUNDI   ;19;28;43;3;25;9
08/09/2012;SAMEDI  ;9;22;43;34;15;4
05/09/2012;MERCREDI;37;8;1;26;10;4
03/09/2012;LUNDI   ;34;27;22;18;37;3
01/09/2012;SAMEDI  ;28;5;22;25;13;10
29/08/2012;MERCREDI;20;29;26;11;8;9
27/08/2012;LUNDI   ;18;32;40;7;8;5
25/08/2012;SAMEDI  ;9;13;2;29;10;9
22/08/2012;MERCREDI;14;13;18;33;22;7
20/08/2012;LUNDI   ;45;26;33;27;11;2
18/08/2012;SAMEDI  ;25;26;42;12;2;7
15/08/2012;MERCREDI;13;24;2;15;19;5
13/08/2012;LUNDI   ;49;25;12;16;4;4
11/08/2012;SAMEDI  ;7;1;10;45;44;9
08/08/2012;MERCREDI;32;35;42;11;1;4
06/08/2012;LUNDI   ;12;7;10;34;47;7
04/08/2012;SAMEDI  ;29;49;34;26;25;6
01/08/2012;MERCREDI;33;45;17;30;11;6
30/07/2012;LUNDI   ;35;6;38;4;13;3
28/07/2012;SAMEDI  ;29;4;6;39;7;3
25/07/2012;MERCREDI;17;16;14;32;36;6
23/07/2012;LUNDI   ;40;31;38;23;28;3
21/07/2012;SAMEDI  ;22;3;1;44;40;3
18/07/2012;MERCREDI;26;25;4;28;32;5
16/07/2012;LUNDI   ;3;32;6;19;37;2
14/07/2012;SAMEDI  ;22;44;40;5;41;6
11/07/2012;MERCREDI;23;20;30;21;36;9
09/07/2012;LUNDI   ;15;38;41;45;26;3
07/07/2012;SAMEDI  ;5;30;17;1;44;1
04/07/2012;MERCREDI;13;40;37;17;39;6
02/07/2012;LUNDI   ;2;15;7;46;6;5
30/06/2012;SAMEDI  ;13;45;1;42;12;4
27/06/2012;MERCREDI;22;41;5;1;11;7
25/06/2012;LUNDI   ;27;11;40;10;13;7
23/06/2012;SAMEDI  ;41;12;6;47;27;3
20/06/2012;MERCREDI;36;33;15;41;47;5
18/06/2012;LUNDI   ;37;5;7;16;38;3
16/06/2012;SAMEDI  ;14;31;1;39;27;6
13/06/2012;MERCREDI;33;48;20;8;3;10
11/06/2012;LUNDI   ;20;6;16;4;29;1
09/06/2012;SAMEDI  ;13;25;14;18;20;6
06/06/2012;MERCREDI;21;23;12;24;13;6
04/06/2012;LUNDI   ;38;42;35;43;40;4
02/06/2012;SAMEDI  ;26;9;34;39;22;1
30/05/2012;MERCREDI;9;30;13;17;5;3
28/05/2012;LUNDI   ;30;42;38;15;41;3
26/05/2012;SAMEDI  ;27;47;40;41;29;7
23/05/2012;MERCREDI;19;1;35;49;3;9
21/05/2012;LUNDI   ;37;45;23;19;7;10
19/05/2012;SAMEDI  ;11;23;48;24;42;2
16/05/2012;MERCREDI;21;49;22;15;31;1
14/05/2012;LUNDI   ;26;11;3;22;43;6
12/05/2012;SAMEDI  ;6;34;22;20;19;5
09/05/2012;MERCREDI;36;26;18;41;32;4
07/05/2012;LUNDI   ;21;13;26;46;12;10
05/05/2012;SAMEDI  ;21;10;37;8;11;9
02/05/2012;MERCREDI;35;26;29;3;38;1
30/04/2012;LUNDI   ;39;22;32;18;4;4
28/04/2012;SAMEDI  ;48;22;10;2;37;4
25/04/2012;MERCREDI;44;15;20;30;29;7
23/04/2012;LUNDI   ;33;9;34;45;24;6
21/04/2012;SAMEDI  ;41;3;48;31;18;10
18/04/2012;MERCREDI;34;5;3;20;24;3
16/04/2012;LUNDI   ;2;21;13;1;16;2
14/04/2012;SAMEDI  ;1;22;45;40;3;1
11/04/2012;MERCREDI;49;27;15;29;19;1
09/04/2012;LUNDI   ;26;14;31;33;2;10
07/04/2012;SAMEDI  ;46;19;45;42;47;8
04/04/2012;MERCREDI;36;40;27;38;11;8
02/04/2012;LUNDI   ;33;23;3;19;39;2
31/03/2012;SAMEDI  ;16;25;1;26;2;9
28/03/2012;MERCREDI;15;20;45;17;4;9
26/03/2012;LUNDI   ;36;14;49;29;13;6
24/03/2012;SAMEDI  ;48;8;18;13;11;8
21/03/2012;MERCREDI;8;14;43;37;48;5
19/03/2012;LUNDI   ;10;28;4;11;15;4
17/03/2012;SAMEDI  ;32;14;49;23;13;1
14/03/2012;MERCREDI;13;7;31;36;43;9
12/03/2012;LUNDI   ;48;25;16;46;14;10
10/03/2012;SAMEDI  ;2;40;4;44;37;5
07/03/2012;MERCREDI;6;39;31;22;16;7
05/03/2012;LUNDI   ;31;30;28;34;17;3
03/03/2012;SAMEDI  ;2;24;3;39;27;8
29/02/2012;MERCREDI;14;27;11;17;35;4
27/02/2012;LUNDI   ;45;41;33;8;23;1
25/02/2012;SAMEDI  ;8;7;19;4;27;1
22/02/2012;MERCREDI;43;33;39;11;31;10
20/02/2012;LUNDI   ;34;31;9;3;35;5
18/02/2012;SAMEDI  ;49;48;5;17;47;6
15/02/2012;MERCREDI;11;36;10;22;31;1
13/02/2012;LUNDI   ;23;9;22;24;36;5
11/02/2012;SAMEDI  ;11;12;46;32;36;6
08/02/2012;MERCREDI;27;19;12;37;15;3
06/02/2012;LUNDI   ;15;49;24;13;29;3
04/02/2012;SAMEDI  ;38;32;10;17;9;3
01/02/2012;MERCREDI;16;5;49;43;2;7
30/01/2012;LUNDI   ;22;40;1;35;32;8
28/01/2012;SAMEDI  ;23;12;47;15;18;6
25/01/2012;MERCREDI;2;23;8;30;48;5
23/01/2012;LUNDI   ;39;44;48;20;25;6
21/01/2012;SAMEDI  ;36;23;1;31;17;4
18/01/2012;MERCREDI;21;9;33;13;42;4
16/01/2012;LUNDI   ;39;36;29;47;38;8
14/01/2012;SAMEDI  ;1;38;19;49;29;8
11/01/2012;MERCREDI;9;7;44;36;23;7
09/01/2012;LUNDI   ;34;15;26;25;32;4
07/01/2012;SAMEDI  ;1;6;12;10;8;8
04/01/2012;MERCREDI;10;23;2;43;34;5
02/01/2012;LUNDI   ;3;36;30;16;24;9
31/12/2011;SAMEDI  ;32;35;17;28;2;2
28/12/2011;MERCREDI;39;41;16;31;36;5
26/12/2011;LUNDI   ;36;43;42;23;28;4
24/12/2011;SAMEDI  ;7;10;28;11;12;8
21/12/2011;MERCREDI;27;42;33;45;37;2
19/12/2011;LUNDI   ;42;23;13;35;26;5
17/12/2011;SAMEDI  ;41;9;37;38;34;5
14/12/2011;MERCREDI;42;14;21;33;48;1
12/12/2011;LUNDI   ;48;29;1;25;16;1
10/12/2011;SAMEDI  ;14;43;26;30;28;8
07/12/2011;MERCREDI;32;35;31;48;8;1
05/12/2011;LUNDI   ;43;47;38;36;30;5
03/12/2011;SAMEDI  ;31;6;49;34;26;1
30/11/2011;MERCREDI;29;2;42;49;4;2
28/11/2011;LUNDI   ;11;24;1;15;2;9
26/11/2011;SAMEDI  ;47;31;16;3;39;1
23/11/2011;MERCREDI;39;16;6;10;21;5
21/11/2011;LUNDI   ;46;33;31;49;18;1
19/11/2011;SAMEDI  ;45;37;22;33;34;5
16/11/2011;MERCREDI;37;41;27;17;12;10
14/11/2011;LUNDI   ;25;43;18;22;3;7
12/11/2011;SAMEDI  ;44;48;13;33;12;7
09/11/2011;MERCREDI;17;8;23;12;37;2
07/11/2011;LUNDI   ;18;47;11;2;30;5
05/11/2011;SAMEDI  ;38;2;13;32;20;10
02/11/2011;MERCREDI;2;38;44;35;42;9
31/10/2011;LUNDI   ;24;13;47;37;21;7
29/10/2011;SAMEDI  ;12;17;46;42;38;8
26/10/2011;MERCREDI;35;6;2;3;20;1
24/10/2011;LUNDI   ;15;18;17;5;31;7
22/10/2011;SAMEDI  ;45;44;32;29;6;7
19/10/2011;MERCREDI;38;35;23;3;44;8
17/10/2011;LUNDI   ;14;13;18;4;48;10
15/10/2011;SAMEDI  ;13;37;27;5;39;3
12/10/2011;MERCREDI;12;9;20;30;25;5
10/10/2011;LUNDI   ;15;47;16;45;3;7
08/10/2011;SAMEDI  ;31;44;21;30;22;7
05/10/2011;MERCREDI;20;2;7;42;27;5
03/10/2011;LUNDI   ;40;28;27;12;4;1
01/10/2011;SAMEDI  ;25;38;14;32;15;3
28/09/2011;MERCREDI;16;42;36;3;8;3
26/09/2011;LUNDI   ;11;44;33;4;49;9
24/09/2011;SAMEDI  ;36;4;41;33;40;6
21/09/2011;MERCREDI;40;20;46;19;16;4
19/09/2011;LUNDI   ;13;1;27;48;35;7
17/09/2011;SAMEDI  ;15;40;1;23;2;4
14/09/2011;MERCREDI;14;42;5;16;11;3
12/09/2011;LUNDI   ;13;45;18;32;30;2
10/09/2011;SAMEDI  ;15;1;28;24;10;5
07/09/2011;MERCREDI;13;40;41;3;12;7
05/09/2011;LUNDI   ;7;17;22;10;23;5
03/09/2011;SAMEDI  ;42;41;7;13;47;5
31/08/2011;MERCREDI;7;42;39;9;5;3
29/08/2011;LUNDI   ;46;30;12;3;10;2
27/08/2011;SAMEDI  ;27;21;19;13;45;2
24/08/2011;MERCREDI;3;36;47;4;17;4
22/08/2011;LUNDI   ;40;36;38;44;17;1
20/08/2011;SAMEDI  ;21;40;49;31;22;4
17/08/2011;MERCREDI;8;49;29;45;3;9
15/08/2011;LUNDI   ;23;3;8;4;1;8
13/08/2011;SAMEDI  ;3;13;4;41;5;9
10/08/2011;MERCREDI;28;4;27;29;38;2
08/08/2011;LUNDI   ;18;12;1;26;30;9
06/08/2011;SAMEDI  ;17;13;15;4;39;4
03/08/2011;MERCREDI;20;4;19;17;5;10
01/08/2011;LUNDI   ;32;37;43;10;25;3
30/07/2011;SAMEDI  ;8;41;20;46;12;1
27/07/2011;MERCREDI;6;11;7;5;4;10
25/07/2011;LUNDI   ;38;22;3;11;41;7
23/07/2011;SAMEDI  ;43;32;18;13;46;5
20/07/2011;MERCREDI;26;45;18;23;6;6
18/07/2011;LUNDI   ;19;5;38;47;26;7
16/07/2011;SAMEDI  ;27;35;42;18;37;3
13/07/2011;MERCREDI;4;46;41;12;16;6
11/07/2011;LUNDI   ;7;43;23;48;47;9
09/07/2011;SAMEDI  ;15;4;31;45;44;6
06/07/2011;MERCREDI;9;33;10;24;3;6
04/07/2011;LUNDI   ;14;46;31;25;37;4
02/07/2011;SAMEDI  ;49;11;26;1;7;5
29/06/2011;MERCREDI;38;11;37;1;18;4
27/06/2011;LUNDI   ;43;5;14;20;12;3
25/06/2011;SAMEDI  ;39;43;10;17;6;3
22/06/2011;MERCREDI;33;21;26;28;22;5
20/06/2011;LUNDI   ;27;2;23;8;36;9
18/06/2011;SAMEDI  ;9;12;43;46;33;10
15/06/2011;MERCREDI;47;41;9;37;36;8
13/06/2011;LUNDI   ;22;3;18;17;28;6
11/06/2011;SAMEDI  ;39;32;44;37;5;5
08/06/2011;MERCREDI;20;16;40;11;24;5
06/06/2011;LUNDI   ;10;30;45;22;13;1
04/06/2011;SAMEDI  ;35;4;27;15;3;2
01/06/2011;MERCREDI;30;45;32;25;26;5
30/05/2011;LUNDI   ;14;22;47;20;21;9
28/05/2011;SAMEDI  ;2;5;3;1;43;9
25/05/2011;MERCREDI;14;45;34;27;38;3
23/05/2011;LUNDI   ;15;29;38;19;33;3
21/05/2011;SAMEDI  ;27;15;35;5;14;10
18/05/2011;MERCREDI;27;23;16;17;47;1
16/05/2011;LUNDI   ;41;43;9;11;46;8
14/05/2011;SAMEDI  ;38;31;35;42;3;8
11/05/2011;MERCREDI;45;14;26;28;38;5
09/05/2011;LUNDI   ;13;48;3;26;22;7
07/05/2011;SAMEDI  ;42;28;37;38;3;8
04/05/2011;MERCREDI;44;29;11;7;13;2
02/05/2011;LUNDI   ;25;23;4;1;40;2
30/04/2011;SAMEDI  ;8;49;42;9;2;3
27/04/2011;MERCREDI;5;26;14;28;23;6
25/04/2011;LUNDI   ;18;2;21;34;10;2
23/04/2011;SAMEDI  ;40;21;28;32;8;9
20/04/2011;MERCREDI;15;41;18;17;33;9
18/04/2011;LUNDI   ;6;10;22;7;21;5
16/04/2011;SAMEDI  ;17;35;24;47;6;8
13/04/2011;MERCREDI;38;6;33;43;23;1
11/04/2011;LUNDI   ;13;47;22;3;32;6
09/04/2011;SAMEDI  ;6;20;31;22;41;8
06/04/2011;MERCREDI;12;19;1;32;44;3
04/04/2011;LUNDI   ;12;23;37;13;10;7
02/04/2011;SAMEDI  ;5;24;7;46;35;3
30/03/2011;MERCREDI;15;23;27;43;29;10
28/03/2011;LUNDI   ;15;10;16;46;43;1
26/03/2011;SAMEDI  ;17;26;34;4;30;9
23/03/2011;MERCREDI;13;4;24;21;10;5
21/03/2011;LUNDI   ;28;23;3;40;31;1
19/03/2011;SAMEDI  ;26;10;11;23;1;8
16/03/2011;MERCREDI;23;20;32;7;14;4
14/03/2011;LUNDI   ;32;38;36;34;27;7
12/03/2011;SAMEDI  ;15;34;22;33;16;9
09/03/2011;MERCREDI;9;43;3;29;15;8
07/03/2011;LUNDI   ;7;38;23;9;17;5
05/03/2011;SAMEDI  ;11;45;44;27;31;2
02/03/2011;MERCREDI;20;22;40;2;3;7
28/02/2011;LUNDI   ;20;49;40;17;31;6
26/02/2011;SAMEDI  ;35;24;10;26;48;1
23/02/2011;MERCREDI;5;2;33;21;28;10
21/02/2011;LUNDI   ;36;20;21;9;46;6
19/02/2011;SAMEDI  ;25;2;49;32;1;6
16/02/2011;MERCREDI;44;35;32;8;33;9
14/02/2011;LUNDI   ;31;35;40;9;48;1
12/02/2011;SAMEDI  ;13;38;2;45;4;2
09/02/2011;MERCREDI;15;31;41;27;43;7
07/02/2011;LUNDI   ;6;8;49;35;25;1
05/02/2011;SAMEDI  ;31;22;37;6;1;7
02/02/2011;MERCREDI;27;6;44;23;22;3
31/01/2011;LUNDI   ;20;10;13;43;3;5
29/01/2011;SAMEDI  ;14;33;44;31;12;8
26/01/2011;MERCREDI;23;45;6;48;17;1
24/01/2011;LUNDI   ;3;39;6;48;9;4
22/01/2011;SAMEDI  ;13;27;6;31;8;7
19/01/2011;MERCREDI;36;4;12;13;1;4
17/01/2011;LUNDI   ;48;49;36;24;21;5
15/01/2011;SAMEDI  ;26;43;6;36;29;8
12/01/2011;MERCREDI;41;40;30;28;17;7
10/01/2011;LUNDI   ;35;33;40;37;11;4
08/01/2011;SAMEDI  ;47;34;12;30;31;10
05/01/2011;MERCREDI;27;47;4;5;32;5
03/01/2011;LUNDI   ;34;37;10;18;30;2
01/01/2011;SAMEDI  ;43;49;46;34;11;3
29/12/2010;MERCREDI;47;15;46;29;11;3
27/12/2010;LUNDI   ;30;44;42;39;13;9
25/12/2010;SAMEDI  ;16;30;29;7;10;5
22/12/2010;MERCREDI;8;18;36;1;29;9
20/12/2010;LUNDI   ;32;23;9;6;13;4
18/12/2010;SAMEDI  ;35;41;40;11;22;7
15/12/2010;MERCREDI;37;6;16;28;4;8
13/12/2010;LUNDI   ;6;14;49;40;9;3
11/12/2010;SAMEDI  ;38;3;9;11;28;1
08/12/2010;MERCREDI;19;15;44;4;24;1
06/12/2010;LUNDI   ;13;30;33;25;36;9
04/12/2010;SAMEDI  ;33;12;24;7;15;6
01/12/2010;MERCREDI;34;14;32;31;46;3
29/11/2010;LUNDI   ;15;23;16;41;30;8
27/11/2010;SAMEDI  ;9;43;15;44;10;5
24/11/2010;MERCREDI;32;20;22;47;14;5
22/11/2010;LUNDI   ;4;21;17;23;26;2
20/11/2010;SAMEDI  ;27;12;11;29;1;2
17/11/2010;MERCREDI;30;38;4;9;46;10
15/11/2010;LUNDI   ;33;47;14;20;17;1
13/11/2010;SAMEDI  ;5;17;25;38;29;2
10/11/2010;MERCREDI;47;48;20;39;16;4
08/11/2010;LUNDI   ;35;6;9;14;47;9
06/11/2010;SAMEDI  ;24;19;35;7;42;3
03/11/2010;MERCREDI;46;33;15;6;49;1
01/11/2010;LUNDI   ;17;24;28;1;15;10
30/10/2010;SAMEDI  ;38;35;4;22;14;5
27/10/2010;MERCREDI;32;13;15;46;3;5
25/10/2010;LUNDI   ;4;36;40;10;41;10
23/10/2010;SAMEDI  ;47;49;9;16;14;7
20/10/2010;MERCREDI;13;24;33;18;11;7
18/10/2010;LUNDI   ;1;31;38;26;29;5
16/10/2010;SAMEDI  ;37;22;46;13;1;9
13/10/2010;MERCREDI;33;22;9;44;25;3
11/10/2010;LUNDI   ;9;20;35;4;1;8
09/10/2010;SAMEDI  ;17;43;23;2;26;3
06/10/2010;MERCREDI;33;6;43;25;37;1
04/10/2010;LUNDI   ;7;46;31;29;9;8
02/10/2010;SAMEDI  ;35;13;16;41;7;1
29/09/2010;MERCREDI;41;32;33;25;26;3
27/09/2010;LUNDI   ;15;1;23;22;46;9
25/09/2010;SAMEDI  ;42;5;12;29;21;2
22/09/2010;MERCREDI;37;38;2;14;17;1
20/09/2010;LUNDI   ;1;37;25;45;17;9
18/09/2010;SAMEDI  ;7;43;33;11;1;1
15/09/2010;MERCREDI;40;1;30;8;38;6
13/09/2010;LUNDI   ;33;39;25;43;8;8
11/09/2010;SAMEDI  ;36;41;45;13;7;5
08/09/2010;MERCREDI;24;47;21;44;13;3
06/09/2010;LUNDI   ;29;22;17;19;43;8
04/09/2010;SAMEDI  ;11;42;9;49;15;3
01/09/2010;MERCREDI;20;39;33;21;16;2
30/08/2010;LUNDI   ;22;49;28;3;16;4
28/08/2010;SAMEDI  ;13;16;18;20;19;2
25/08/2010;MERCREDI;39;49;23;19;36;3
23/08/2010;LUNDI   ;49;41;9;28;16;5
21/08/2010;SAMEDI  ;8;44;14;48;29;7
18/08/2010;MERCREDI;49;43;46;27;23;6
16/08/2010;LUNDI   ;13;22;40;28;31;9
14/08/2010;SAMEDI  ;21;27;9;49;11;5
11/08/2010;MERCREDI;7;22;8;26;5;2
09/08/2010;LUNDI   ;7;15;18;8;25;6
07/08/2010;SAMEDI  ;43;6;46;27;5;7
04/08/2010;MERCREDI;32;8;46;22;9;8
02/08/2010;LUNDI   ;16;32;44;38;37;3
31/07/2010;SAMEDI  ;2;25;44;28;8;4
28/07/2010;MERCREDI;25;37;7;10;47;10
26/07/2010;LUNDI   ;4;42;37;23;43;7
24/07/2010;SAMEDI  ;18;43;16;7;33;5
21/07/2010;MERCREDI;43;45;21;3;9;1
19/07/2010;LUNDI   ;27;24;16;10;47;5
17/07/2010;SAMEDI  ;32;28;47;20;22;6
14/07/2010;MERCREDI;48;30;5;26;11;1
12/07/2010;LUNDI   ;47;11;15;24;38;6
10/07/2010;SAMEDI  ;27;32;12;42;30;7
07/07/2010;MERCREDI;20;47;49;26;31;10
05/07/2010;LUNDI   ;39;33;43;22;31;10
03/07/2010;SAMEDI  ;10;46;2;33;28;8
30/06/2010;MERCREDI;14;44;28;18;17;2
28/06/2010;LUNDI   ;41;49;42;19;12;8
26/06/2010;SAMEDI  ;47;16;11;37;7;10
23/06/2010;MERCREDI;16;27;41;1;35;1
21/06/2010;LUNDI   ;45;35;24;37;48;2
19/06/2010;SAMEDI  ;21;23;19;36;49;4
16/06/2010;MERCREDI;40;48;15;9;3;10
14/06/2010;LUNDI   ;15;48;23;49;45;2
12/06/2010;SAMEDI  ;30;43;48;24;15;7
09/06/2010;MERCREDI;14;48;44;24;20;10
07/06/2010;LUNDI   ;29;48;42;28;26;1
05/06/2010;SAMEDI  ;37;43;31;45;22;5
02/06/2010;MERCREDI;43;11;14;23;17;10
31/05/2010;LUNDI   ;46;49;32;5;33;1
29/05/2010;SAMEDI  ;33;21;49;26;46;1
26/05/2010;MERCREDI;47;3;35;22;6;1
24/05/2010;LUNDI   ;8;35;29;12;3;1
22/05/2010;SAMEDI  ;2;48;40;46;17;10
19/05/2010;MERCREDI;24;12;17;38;30;7
17/05/2010;LUNDI   ;9;27;26;29;36;5
15/05/2010;SAMEDI  ;32;31;44;27;9;8
12/05/2010;MERCREDI;28;22;27;14;23;4
10/05/2010;LUNDI   ;41;4;35;33;10;5
08/05/2010;SAMEDI  ;16;29;31;39;1;2
05/05/2010;MERCREDI;10;30;18;27;4;1
03/05/2010;LUNDI   ;8;11;12;26;48;6
01/05/2010;SAMEDI  ;39;28;3;42;6;5
28/04/2010;MERCREDI;34;49;9;25;38;1
26/04/2010;LUNDI   ;29;24;4;46;7;10
24/04/2010;SAMEDI  ;17;34;27;3;41;4
21/04/2010;MERCREDI;24;26;35;9;1;4
19/04/2010;LUNDI   ;44;22;17;38;2;8
17/04/2010;SAMEDI  ;24;42;16;9;32;3
14/04/2010;MERCREDI;9;12;29;2;21;7
12/04/2010;LUNDI   ;4;36;11;31;46;10
10/04/2010;SAMEDI  ;33;13;49;36;22;4
07/04/2010;MERCREDI;28;11;2;33;43;1
05/04/2010;LUNDI   ;17;18;36;21;47;6
03/04/2010;SAMEDI  ;35;39;20;48;42;2
31/03/2010;MERCREDI;46;28;21;39;49;1
29/03/2010;LUNDI   ;2;44;41;34;46;2
27/03/2010;SAMEDI  ;43;42;9;21;46;6
24/03/2010;MERCREDI;28;9;35;8;42;6
22/03/2010;LUNDI   ;44;34;25;47;29;9
20/03/2010;SAMEDI  ;15;36;28;49;2;3
17/03/2010;MERCREDI;46;1;24;18;9;7
15/03/2010;LUNDI   ;18;15;1;4;38;6
13/03/2010;SAMEDI  ;32;37;16;6;8;7
10/03/2010;MERCREDI;36;13;44;1;48;2
08/03/2010;LUNDI   ;23;11;43;49;10;10
06/03/2010;SAMEDI  ;5;18;26;9;36;9
03/03/2010;MERCREDI;17;37;23;25;2;7
01/03/2010;LUNDI   ;19;11;8;48;49;7
27/02/2010;SAMEDI  ;13;40;2;10;35;1
24/02/2010;MERCREDI;45;2;1;27;31;8
22/02/2010;LUNDI   ;41;48;18;11;24;2
20/02/2010;SAMEDI  ;34;49;36;39;23;8
17/02/2010;MERCREDI;23;40;26;22;29;5
15/02/2010;LUNDI   ;48;39;24;8;15;8
13/02/2010;SAMEDI  ;1;7;38;3;14;5
10/02/2010;MERCREDI;6;45;19;12;11;10
08/02/2010;LUNDI   ;36;13;24;7;42;4
06/02/2010;SAMEDI  ;16;37;18;5;34;5
03/02/2010;MERCREDI;44;48;7;30;13;7
01/02/2010;LUNDI   ;29;1;39;40;18;2
30/01/2010;SAMEDI  ;44;26;18;21;47;3
27/01/2010;MERCREDI;10;15;43;45;5;9
25/01/2010;LUNDI   ;6;8;31;45;36;9
23/01/2010;SAMEDI  ;24;39;2;13;48;1
20/01/2010;MERCREDI;13;37;48;45;28;9
18/01/2010;LUNDI   ;8;7;22;28;38;10
16/01/2010;SAMEDI  ;21;38;32;3;33;10
13/01/2010;MERCREDI;31;4;14;37;7;8
11/01/2010;LUNDI   ;24;20;31;36;6;4
09/01/2010;SAMEDI  ;35;4;14;23;46;7
06/01/2010;MERCREDI;19;49;31;44;38;3
04/01/2010;LUNDI   ;33;21;41;18;32;9
02/01/2010;SAMEDI  ;43;5;23;49;17;4
30/12/2009;MERCREDI;21;39;5;2;15;10
28/12/2009;LUNDI   ;23;12;15;27;46;6
26/12/2009;SAMEDI  ;7;6;41;25;16;5
23/12/2009;MERCREDI;24;44;18;17;15;6
21/12/2009;LUNDI   ;38;42;28;3;27;9
19/12/2009;SAMEDI  ;40;15;16;6;9;6
16/12/2009;MERCREDI;39;15;23;49;30;5
14/12/2009;LUNDI   ;46;8;26;13;38;2
12/12/2009;SAMEDI  ;4;30;13;18;39;1
09/12/2009;MERCREDI;1;31;11;22;23;1
07/12/2009;LUNDI   ;20;42;43;33;19;5
05/12/2009;SAMEDI  ;28;22;7;16;39;7
02/12/2009;MERCREDI;10;47;20;28;21;6
30/11/2009;LUNDI   ;12;43;7;23;27;6
28/11/2009;SAMEDI  ;35;37;41;15;39;4
25/11/2009;MERCREDI;14;33;39;15;11;6
23/11/2009;LUNDI   ;13;12;3;37;30;8
21/11/2009;SAMEDI  ;20;33;46;40;12;6
18/11/2009;MERCREDI;24;20;22;19;1;6
16/11/2009;LUNDI   ;20;32;36;19;27;7
14/11/2009;SAMEDI  ;39;16;47;28;24;9
11/11/2009;MERCREDI;41;47;22;17;7;6
09/11/2009;LUNDI   ;3;2;29;48;1;9
07/11/2009;SAMEDI  ;1;41;13;3;18;1
04/11/2009;MERCREDI;33;18;19;22;23;1
02/11/2009;LUNDI   ;17;34;23;40;9;9
31/10/2009;SAMEDI  ;23;39;36;27;30;2
28/10/2009;MERCREDI;8;11;7;37;30;3
26/10/2009;LUNDI   ;49;47;42;1;3;7
24/10/2009;SAMEDI  ;39;28;15;38;27;10
21/10/2009;MERCREDI;10;49;26;15;1;7
19/10/2009;LUNDI   ;4;31;11;3;6;1
17/10/2009;SAMEDI  ;12;49;8;20;16;5
14/10/2009;MERCREDI;6;35;36;42;24;2
12/10/2009;LUNDI   ;38;7;48;43;28;5
10/10/2009;SAMEDI  ;3;38;1;23;16;3
07/10/2009;MERCREDI;4;1;21;12;46;8
05/10/2009;LUNDI   ;21;12;20;11;32;4
03/10/2009;SAMEDI  ;47;15;49;7;9;7
30/09/2009;MERCREDI;33;35;40;5;2;4
28/09/2009;LUNDI   ;30;20;16;3;44;4
26/09/2009;SAMEDI  ;2;37;43;21;25;9
23/09/2009;MERCREDI;24;42;4;47;5;6
21/09/2009;LUNDI   ;3;4;38;46;7;2
19/09/2009;SAMEDI  ;12;27;38;33;19;7
16/09/2009;MERCREDI;40;7;21;25;30;1
14/09/2009;LUNDI   ;9;18;43;32;22;1
12/09/2009;SAMEDI  ;41;11;4;29;7;4
09/09/2009;MERCREDI;1;12;23;22;7;4
07/09/2009;LUNDI   ;8;21;4;31;39;2
05/09/2009;SAMEDI  ;1;37;17;44;20;8
02/09/2009;MERCREDI;17;5;12;6;15;1
31/08/2009;LUNDI   ;16;13;1;5;20;2
29/08/2009;SAMEDI  ;34;7;27;23;19;7
26/08/2009;MERCREDI;44;31;7;38;14;1
24/08/2009;LUNDI   ;22;18;33;28;11;2
22/08/2009;SAMEDI  ;31;21;8;27;29;10
19/08/2009;MERCREDI;35;42;7;33;28;10
17/08/2009;LUNDI   ;2;9;17;14;25;9
15/08/2009;SAMEDI  ;1;41;32;24;27;9
12/08/2009;MERCREDI;6;33;17;34;39;5
10/08/2009;LUNDI   ;5;22;31;2;24;6
08/08/2009;SAMEDI  ;41;20;16;38;2;9
05/08/2009;MERCREDI;40;10;29;20;43;7
03/08/2009;LUNDI   ;9;38;18;26;49;8
01/08/2009;SAMEDI  ;44;10;18;45;22;6
29/07/2009;MERCREDI;16;25;14;35;3;3
27/07/2009;LUNDI   ;18;47;7;13;48;4
25/07/2009;SAMEDI  ;27;40;3;14;33;9
22/07/2009;MERCREDI;24;35;45;28;17;6
20/07/2009;LUNDI   ;27;23;44;34;5;1
18/07/2009;SAMEDI  ;44;14;26;34;9;9
15/07/2009;MERCREDI;4;1;23;14;25;10
13/07/2009;LUNDI   ;26;2;20;34;18;1
11/07/2009;SAMEDI  ;14;17;35;5;42;1
08/07/2009;MERCREDI;16;4;10;6;5;3
06/07/2009;LUNDI   ;12;31;32;44;45;2
04/07/2009;SAMEDI  ;39;4;8;43;27;3
01/07/2009;MERCREDI;34;5;28;13;29;4
29/06/2009;LUNDI   ;35;43;9;28;10;8
27/06/2009;SAMEDI  ;13;4;3;41;6;8
24/06/2009;MERCREDI;17;21;22;16;4;1
22/06/2009;LUNDI   ;36;17;42;28;41;4
20/06/2009;SAMEDI  ;26;27;49;21;33;7
17/06/2009;MERCREDI;3;27;41;8;37;2
15/06/2009;LUNDI   ;49;11;41;21;40;4
13/06/2009;SAMEDI  ;39;16;46;28;24;4
10/06/2009;MERCREDI;45;42;27;49;48;7
08/06/2009;LUNDI   ;31;29;41;25;22;5
06/06/2009;SAMEDI  ;32;46;13;33;15;10
03/06/2009;MERCREDI;46;21;32;26;14;6
01/06/2009;LUNDI   ;18;26;47;24;35;1
30/05/2009;SAMEDI  ;30;25;34;14;10;9
27/05/2009;MERCREDI;7;48;5;3;23;7
25/05/2009;LUNDI   ;46;40;6;3;25;4
23/05/2009;SAMEDI  ;38;13;33;3;25;3
20/05/2009;MERCREDI;35;28;15;3;23;10
18/05/2009;LUNDI   ;49;26;35;34;28;4
16/05/2009;SAMEDI  ;1;2;26;44;7;9
13/05/2009;MERCREDI;38;36;49;39;12;10
11/05/2009;LUNDI   ;15;27;48;9;34;6
09/05/2009;SAMEDI  ;45;28;22;30;20;3
06/05/2009;MERCREDI;48;36;13;20;44;1
04/05/2009;LUNDI   ;33;1;23;12;46;1
02/05/2009;SAMEDI  ;7;15;11;5;23;1
29/04/2009;MERCREDI;4;30;29;26;15;3
27/04/2009;LUNDI   ;9;37;21;34;4;2
25/04/2009;SAMEDI  ;34;23;49;9;20;8
22/04/2009;MERCREDI;2;31;49;33;43;9
20/04/2009;LUNDI   ;11;34;38;43;12;3
18/04/2009;SAMEDI  ;31;20;45;12;32;8
15/04/2009;MERCREDI;23;43;37;12;39;8
13/04/2009;LUNDI   ;20;24;30;11;9;1
11/04/2009;SAMEDI  ;21;5;2;23;19;7
08/04/2009;MERCREDI;46;33;10;34;7;6
06/04/2009;LUNDI   ;43;33;48;31;28;7
04/04/2009;SAMEDI  ;37;41;27;8;45;6
01/04/2009;MERCREDI;37;27;30;22;45;3
30/03/2009;LUNDI   ;32;47;45;29;24;10
28/03/2009;SAMEDI  ;19;26;23;22;27;2
25/03/2009;MERCREDI;10;34;15;33;5;7
23/03/2009;LUNDI   ;1;25;10;2;33;4
21/03/2009;SAMEDI  ;45;32;15;2;39;10
18/03/2009;MERCREDI;42;3;39;20;34;2
16/03/2009;LUNDI   ;27;45;35;36;44;2
14/03/2009;SAMEDI  ;27;18;20;11;38;6
11/03/2009;MERCREDI;4;7;11;22;8;5
09/03/2009;LUNDI   ;27;32;5;40;3;9
07/03/2009;SAMEDI  ;36;15;24;2;22;8
04/03/2009;MERCREDI;7;9;29;25;10;6
02/03/2009;LUNDI   ;41;29;14;48;8;10
28/02/2009;SAMEDI  ;45;14;41;25;16;10
25/02/2009;MERCREDI;15;4;21;30;36;4
23/02/2009;LUNDI   ;3;14;34;31;22;7
21/02/2009;SAMEDI  ;47;21;48;39;40;5
18/02/2009;MERCREDI;28;40;10;23;43;9
16/02/2009;LUNDI   ;46;23;29;21;16;4
14/02/2009;SAMEDI  ;12;24;18;44;16;4
11/02/2009;MERCREDI;35;46;10;1;14;8
09/02/2009;LUNDI   ;17;13;31;3;46;5
07/02/2009;SAMEDI  ;4;16;34;22;49;10
04/02/2009;MERCREDI;20;43;47;27;10;3
02/02/2009;LUNDI   ;4;38;12;31;41;8
31/01/2009;SAMEDI  ;6;31;40;18;36;7
28/01/2009;MERCREDI;40;7;41;38;46;5
26/01/2009;LUNDI   ;39;8;13;49;10;10
24/01/2009;SAMEDI  ;5;40;15;20;28;10
21/01/2009;MERCREDI;32;47;10;35;3;3
19/01/2009;LUNDI   ;39;38;7;32;26;9
17/01/2009;SAMEDI  ;2;46;27;37;5;4
14/01/2009;MERCREDI;5;42;1;19;13;3
12/01/2009;LUNDI   ;47;11;29;4;9;8
10/01/2009;SAMEDI  ;49;40;21;10;44;2
07/01/2009;MERCREDI;37;39;9;33;11;8
05/01/2009;LUNDI   ;8;29;36;25;11;2
03/01/2009;SAMEDI  ;47;22;24;12;38;1
31/12/2008;MERCREDI;11;5;20;30;24;8
29/12/2008;LUNDI   ;26;38;14;21;27;4
27/12/2008;SAMEDI  ;36;47;17;49;37;10
24/12/2008;MERCREDI;33;27;2;41;4;5
22/12/2008;LUNDI   ;5;27;2;35;48;3
20/12/2008;SAMEDI  ;41;46;2;22;26;5
17/12/2008;MERCREDI;49;44;31;13;33;9
15/12/2008;LUNDI   ;48;5;15;2;27;8
13/12/2008;SAMEDI  ;24;38;8;42;31;7
10/12/2008;MERCREDI;41;38;10;35;11;3
08/12/2008;LUNDI   ;29;15;1;31;11;8
06/12/2008;SAMEDI  ;48;2;5;13;24;4
03/12/2008;MERCREDI;26;29;34;42;31;10
01/12/2008;LUNDI   ;32;15;19;37;38;1
29/11/2008;SAMEDI  ;18;36;20;32;22;7
26/11/2008;MERCREDI;49;11;13;25;28;5
24/11/2008;LUNDI   ;43;36;31;30;17;8
22/11/2008;SAMEDI  ;45;12;30;36;20;6
19/11/2008;MERCREDI;34;26;37;41;2;4
17/11/2008;LUNDI   ;1;6;19;23;41;6
15/11/2008;SAMEDI  ;41;10;48;43;22;3
12/11/2008;MERCREDI;45;35;34;40;23;5
10/11/2008;LUNDI   ;12;9;21;45;38;6
08/11/2008;SAMEDI  ;25;35;33;5;22;9
05/11/2008;MERCREDI;47;4;38;15;8;7
03/11/2008;LUNDI   ;26;2;23;20;24;8
01/11/2008;SAMEDI  ;22;4;27;36;45;3
29/10/2008;MERCREDI;43;28;22;41;49;4
27/10/2008;LUNDI   ;46;37;44;4;6;2
25/10/2008;SAMEDI  ;13;11;22;46;19;3
22/10/2008;MERCREDI;11;28;12;48;14;2
20/10/2008;LUNDI   ;43;7;48;31;15;3
18/10/2008;SAMEDI  ;44;35;4;32;39;10
15/10/2008;MERCREDI;49;28;18;20;40;1
13/10/2008;LUNDI   ;11;10;41;37;48;4
11/10/2008;SAMEDI  ;46;22;10;39;20;4
08/10/2008;MERCREDI;24;48;32;41;22;1
06/10/2008;LUNDI   ;19;33;41;24;27;9
25/02/2019;LUNDI   ;7;44;37;48;38;7
23/02/2019;SAMEDI  ;3;45;13;4;44;5
20/02/2019;MERCREDI;25;29;8;34;15;1
18/02/2019;LUNDI   ;18;9;11;33;7;9
16/02/2019;SAMEDI  ;8;7;25;11;46;7
13/02/2019;MERCREDI;43;41;29;14;7;3
11/02/2019;LUNDI   ;43;15;13;48;25;5
09/02/2019;SAMEDI  ;47;40;45;42;3;9
06/02/2019;MERCREDI;4;15;21;26;22;10
04/02/2019;LUNDI   ;40;12;37;24;42;1
02/02/2019;SAMEDI  ;32;27;5;7;35;3
30/01/2019;MERCREDI;20;47;15;11;30;9
28/01/2019;LUNDI   ;37;15;30;6;47;6
26/01/2019;SAMEDI  ;30;14;12;16;42;2
23/01/2019;MERCREDI;25;17;41;24;38;10
21/01/2019;LUNDI   ;17;26;30;47;20;6
19/01/2019;SAMEDI  ;37;10;39;16;34;7
16/01/2019;MERCREDI;15;11;10;1;31;3
14/01/2019;LUNDI   ;35;33;44;1;11;10
12/01/2019;SAMEDI  ;19;24;11;34;25;8
09/01/2019;MERCREDI;6;19;46;21;15;10
07/01/2019;LUNDI   ;1;19;12;31;7;10
05/01/2019;SAMEDI  ;48;18;40;7;6;7
02/01/2019;MERCREDI;36;12;29;2;26;7
31/12/2018;LUNDI   ;43;24;34;27;14;10
29/12/2018;SAMEDI  ;26;30;42;38;12;5
26/12/2018;MERCREDI;45;9;5;24;11;10
24/12/2018;LUNDI   ;10;22;34;43;46;2
22/12/2018;SAMEDI  ;44;46;31;11;22;5
19/12/2018;MERCREDI;21;3;25;10;11;3
17/12/2018;LUNDI   ;2;9;25;35;30;9
15/12/2018;SAMEDI  ;38;1;3;32;30;6
12/12/2018;MERCREDI;39;21;45;12;44;5
10/12/2018;LUNDI   ;8;34;16;13;37;10
08/12/2018;SAMEDI  ;25;38;11;29;14;8
05/12/2018;MERCREDI;6;19;41;17;18;9
03/12/2018;LUNDI   ;1;15;9;19;39;5
01/12/2018;SAMEDI  ;15;6;3;23;39;2
28/11/2018;MERCREDI;3;38;30;10;15;6
26/11/2018;LUNDI   ;36;30;34;14;21;2
24/11/2018;SAMEDI  ;15;11;5;22;10;5
21/11/2018;MERCREDI;22;45;20;21;23;10
19/11/2018;LUNDI   ;33;46;21;20;28;7
17/11/2018;SAMEDI  ;42;20;27;22;12;7
14/11/2018;MERCREDI;36;41;15;49;48;5
12/11/2018;LUNDI   ;13;14;37;21;15;7
10/11/2018;SAMEDI  ;20;43;18;44;30;7
07/11/2018;MERCREDI;33;27;3;20;6;8
05/11/2018;LUNDI   ;9;11;39;29;32;8
03/11/2018;SAMEDI  ;6;29;8;9;39;2
31/10/2018;MERCREDI;34;14;2;28;38;4
29/10/2018;LUNDI   ;9;42;24;43;22;7
27/10/2018;SAMEDI  ;26;21;36;29;35;9
24/10/2018;MERCREDI;28;45;34;36;9;6
22/10/2018;LUNDI   ;10;4;29;19;47;6
20/10/2018;SAMEDI  ;7;17;31;12;48;8
17/10/2018;MERCREDI;33;13;7;2;41;1
15/10/2018;LUNDI   ;8;14;25;19;49;5
13/10/2018;SAMEDI  ;1;36;45;4;22;8
10/10/2018;MERCREDI;5;24;38;29;4;3
08/10/2018;LUNDI   ;46;1;4;23;24;2
06/10/2018;SAMEDI  ;49;39;8;48;1;9
03/10/2018;MERCREDI;31;24;11;20;32;8
01/10/2018;LUNDI   ;6;1;40;7;2;4
29/09/2018;SAMEDI  ;31;7;15;10;17;4
26/09/2018;MERCREDI;40;18;15;36;10;3
24/09/2018;LUNDI   ;12;30;17;8;6;3
22/09/2018;SAMEDI  ;14;37;39;18;38;9
19/09/2018;MERCREDI;15;42;4;27;25;5
17/09/2018;LUNDI   ;43;42;8;15;26;5
15/09/2018;SAMEDI  ;11;26;1;46;13;5
12/09/2018;MERCREDI;11;33;24;35;4;9
10/09/2018;LUNDI   ;27;20;19;46;38;10
08/09/2018;SAMEDI  ;6;19;22;34;20;10
05/09/2018;MERCREDI;7;39;34;6;15;1
03/09/2018;LUNDI   ;18;2;15;1;41;10
01/09/2018;SAMEDI  ;32;35;11;41;42;6
29/08/2018;MERCREDI;17;45;19;40;31;1
27/08/2018;LUNDI   ;40;17;24;18;10;2
25/08/2018;SAMEDI  ;29;6;15;44;16;3
22/08/2018;MERCREDI;16;42;12;6;40;3
20/08/2018;LUNDI   ;15;48;42;18;40;10
18/08/2018;SAMEDI  ;33;37;31;16;49;8
15/08/2018;MERCREDI;40;21;47;27;6;8
13/08/2018;LUNDI   ;10;19;21;2;40;6
11/08/2018;SAMEDI  ;41;27;44;46;14;5
08/08/2018;MERCREDI;5;19;29;15;24;8
06/08/2018;LUNDI   ;30;4;37;32;23;6
04/08/2018;SAMEDI  ;41;23;9;32;38;3
01/08/2018;MERCREDI;47;15;45;35;17;4
30/07/2018;LUNDI   ;33;7;13;41;43;2
28/07/2018;SAMEDI  ;7;23;13;18;21;10
25/07/2018;MERCREDI;35;27;22;20;30;3
23/07/2018;LUNDI   ;7;20;41;40;11;6
21/07/2018;SAMEDI  ;44;18;9;28;1;10
18/07/2018;MERCREDI;18;26;27;43;35;7
16/07/2018;LUNDI   ;36;31;9;16;3;1
14/07/2018;SAMEDI  ;47;37;45;3;20;3
11/07/2018;MERCREDI;11;46;1;22;42;4
09/07/2018;LUNDI   ;9;21;19;36;40;1
07/07/2018;SAMEDI  ;41;3;34;11;10;10
04/07/2018;MERCREDI;41;23;16;20;45;5
02/07/2018;LUNDI   ;48;38;36;45;16;8
30/06/2018;SAMEDI  ;5;36;23;29;45;7
27/06/2018;MERCREDI;26;11;9;41;8;10
25/06/2018;LUNDI   ;14;9;21;13;32;5
23/06/2018;SAMEDI  ;41;32;49;10;36;10
20/06/2018;MERCREDI;43;33;8;30;6;3
18/06/2018;LUNDI   ;34;2;7;13;44;8
16/06/2018;SAMEDI  ;35;17;8;43;19;9
13/06/2018;MERCREDI;20;48;15;29;49;1
11/06/2018;LUNDI   ;44;41;49;25;14;4
09/06/2018;SAMEDI  ;7;16;5;9;12;10
06/06/2018;MERCREDI;43;5;33;6;47;2
04/06/2018;LUNDI   ;8;38;48;16;35;2
02/06/2018;SAMEDI  ;18;13;31;7;35;4
30/05/2018;MERCREDI;4;44;41;36;33;6
28/05/2018;LUNDI   ;35;10;25;21;23;10
26/05/2018;SAMEDI  ;26;24;2;43;3;8
23/05/2018;MERCREDI;14;29;3;36;25;9
21/05/2018;LUNDI   ;20;4;46;16;5;5
19/05/2018;SAMEDI  ;5;47;30;45;12;9
16/05/2018;MERCREDI;44;37;7;23;41;8
14/05/2018;LUNDI   ;40;33;23;1;5;8
12/05/2018;SAMEDI  ;6;23;9;47;5;10
09/05/2018;MERCREDI;10;23;35;34;5;6
07/05/2018;LUNDI   ;43;13;10;23;46;6
05/05/2018;SAMEDI  ;9;30;47;41;15;5
02/05/2018;MERCREDI;8;1;14;10;21;10
30/04/2018;LUNDI   ;43;48;49;36;7;7
28/04/2018;SAMEDI  ;36;14;40;31;47;2
25/04/2018;MERCREDI;21;23;5;10;36;1
23/04/2018;LUNDI   ;2;33;20;29;32;8
21/04/2018;SAMEDI  ;26;20;2;11;39;5
18/04/2018;MERCREDI;18;11;38;17;46;8
16/04/2018;LUNDI   ;16;25;6;21;26;5
14/04/2018;SAMEDI  ;24;5;49;36;1;7
11/04/2018;MERCREDI;40;46;32;17;1;8
09/04/2018;LUNDI   ;1;32;20;28;42;6
07/04/2018;SAMEDI  ;26;34;10;45;7;7
04/04/2018;MERCREDI;19;40;22;45;36;6
02/04/2018;LUNDI   ;28;34;18;13;14;2
31/03/2018;SAMEDI  ;42;2;41;18;31;8
28/03/2018;MERCREDI;43;39;15;5;45;10
26/03/2018;LUNDI   ;27;17;37;10;4;10
24/03/2018;SAMEDI  ;31;11;44;35;26;9
21/03/2018;MERCREDI;31;45;21;30;29;2
19/03/2018;LUNDI   ;20;15;27;46;24;10
17/03/2018;SAMEDI  ;48;43;36;30;13;9
14/03/2018;MERCREDI;36;46;13;4;3;10
12/03/2018;LUNDI   ;27;7;10;38;13;8
10/03/2018;SAMEDI  ;5;47;23;21;18;6
07/03/2018;MERCREDI;13;6;18;36;37;5
05/03/2018;LUNDI   ;44;38;25;17;41;9
03/03/2018;SAMEDI  ;3;4;8;2;31;9
28/02/2018;MERCREDI;42;5;49;31;28;7
26/02/2018;LUNDI   ;13;34;39;42;37;3
24/02/2018;SAMEDI  ;12;6;9;31;43;3
21/02/2018;MERCREDI;12;41;2;28;16;1
19/02/2018;LUNDI   ;32;9;8;29;28;2
17/02/2018;SAMEDI  ;49;48;14;22;38;9
14/02/2018;MERCREDI;13;3;44;19;5;4
12/02/2018;LUNDI   ;27;35;48;3;32;9
10/02/2018;SAMEDI  ;19;31;2;40;42;5
07/02/2018;MERCREDI;44;13;17;48;33;3
05/02/2018;LUNDI   ;7;29;1;30;45;7
03/02/2018;SAMEDI  ;22;9;23;38;13;4
31/01/2018;MERCREDI;29;26;16;4;49;1
29/01/2018;LUNDI   ;11;32;27;36;21;6
27/01/2018;SAMEDI  ;45;10;9;34;39;10
24/01/2018;MERCREDI;9;37;35;23;28;5
22/01/2018;LUNDI   ;31;11;16;1;14;2
20/01/2018;SAMEDI  ;44;32;27;38;46;7
17/01/2018;MERCREDI;16;25;40;49;4;3
15/01/2018;LUNDI   ;15;28;22;2;5;2
13/01/2018;SAMEDI  ;48;35;20;31;36;10
10/01/2018;MERCREDI;7;49;18;9;16;3
08/01/2018;LUNDI   ;8;44;37;43;45;2
06/01/2018;SAMEDI  ;45;40;17;6;31;9
03/01/2018;MERCREDI;34;44;27;23;4;4
01/01/2018;LUNDI   ;7;43;10;9;14;1
30/12/2017;SAMEDI  ;40;28;35;13;12;8
27/12/2017;MERCREDI;22;6;48;7;14;8
25/12/2017;LUNDI   ;3;31;6;10;29;8
23/12/2017;SAMEDI  ;4;6;44;8;48;10
20/12/2017;MERCREDI;6;11;13;24;10;9
18/12/2017;LUNDI   ;11;39;48;10;29;9
16/12/2017;SAMEDI  ;48;20;15;9;49;6
13/12/2017;MERCREDI;17;49;24;43;28;8
11/12/2017;LUNDI   ;47;34;26;43;29;4
09/12/2017;SAMEDI  ;48;49;10;46;23;8
06/12/2017;MERCREDI;27;12;38;7;30;1
04/12/2017;LUNDI   ;43;32;15;23;41;8
02/12/2017;SAMEDI  ;24;45;39;33;35;1
29/11/2017;MERCREDI;8;20;3;12;13;4
27/11/2017;LUNDI   ;36;5;6;39;46;6
25/11/2017;SAMEDI  ;43;1;48;2;47;10
22/11/2017;MERCREDI;30;1;10;2;39;8
20/11/2017;LUNDI   ;6;30;40;43;35;3
18/11/2017;SAMEDI  ;13;9;17;37;48;1
15/11/2017;MERCREDI;12;10;16;35;14;6
13/11/2017;LUNDI   ;30;29;24;3;43;5
11/11/2017;SAMEDI  ;40;47;48;1;36;3
08/11/2017;MERCREDI;37;41;13;26;2;5
06/11/2017;LUNDI   ;30;45;49;27;48;1
04/11/2017;SAMEDI  ;23;7;38;35;6;7
01/11/2017;MERCREDI;18;8;26;9;32;1
30/10/2017;LUNDI   ;32;42;12;44;34;5
28/10/2017;SAMEDI  ;22;12;47;5;29;8
25/10/2017;MERCREDI;9;3;19;41;43;8
23/10/2017;LUNDI   ;12;21;47;44;25;3
21/10/2017;SAMEDI  ;2;42;6;20;21;8
18/10/2017;MERCREDI;5;13;25;12;24;7
16/10/2017;LUNDI   ;39;48;30;5;32;8
14/10/2017;SAMEDI  ;18;20;38;43;47;3
11/10/2017;MERCREDI;44;48;6;29;15;4
09/10/2017;LUNDI   ;47;30;6;15;3;9
07/10/2017;SAMEDI  ;41;44;8;37;46;3
04/10/2017;MERCREDI;45;34;20;30;1;9
02/10/2017;LUNDI   ;1;11;28;12;20;7
30/09/2017;SAMEDI  ;16;44;3;38;27;7
27/09/2017;MERCREDI;13;10;16;42;35;4
25/09/2017;LUNDI   ;37;16;17;33;34;6
23/09/2017;SAMEDI  ;15;33;22;19;37;4
20/09/2017;MERCREDI;37;6;4;17;22;6
18/09/2017;LUNDI   ;12;25;37;29;34;9
16/09/2017;SAMEDI  ;37;46;4;18;16;5
13/09/2017;MERCREDI;18;45;4;25;33;1
11/09/2017;LUNDI   ;23;42;48;45;12;9
09/09/2017;SAMEDI  ;44;13;19;15;39;1
06/09/2017;MERCREDI;49;46;28;19;39;4
04/09/2017;LUNDI   ;33;6;27;1;35;9
02/09/2017;SAMEDI  ;10;14;1;40;18;7
30/08/2017;MERCREDI;29;26;7;12;47;9
28/08/2017;LUNDI   ;6;8;20;24;42;6
26/08/2017;SAMEDI  ;10;40;35;32;38;3
23/08/2017;MERCREDI;32;23;16;1;4;7
21/08/2017;LUNDI   ;8;36;43;27;14;5
19/08/2017;SAMEDI  ;39;8;40;21;7;7
16/08/2017;MERCREDI;31;29;25;19;41;4
14/08/2017;LUNDI   ;13;15;39;2;9;4
12/08/2017;SAMEDI  ;13;36;41;15;5;10
09/08/2017;MERCREDI;32;38;36;31;49;1
07/08/2017;LUNDI   ;38;24;42;21;14;4
05/08/2017;SAMEDI  ;3;25;30;13;37;2
02/08/2017;MERCREDI;34;30;9;12;32;7
31/07/2017;LUNDI   ;45;37;47;25;31;7
29/07/2017;SAMEDI  ;24;41;45;23;10;1
26/07/2017;MERCREDI;13;44;35;3;25;2
24/07/2017;LUNDI   ;14;11;38;21;35;3
22/07/2017;SAMEDI  ;40;30;16;5;28;9
19/07/2017;MERCREDI;16;26;6;8;9;7
17/07/2017;LUNDI   ;40;41;5;33;16;2
15/07/2017;SAMEDI  ;34;37;24;48;29;2
12/07/2017;MERCREDI;3;16;31;43;18;5
10/07/2017;LUNDI   ;23;43;17;21;18;4
08/07/2017;SAMEDI  ;9;30;46;43;31;10
05/07/2017;MERCREDI;18;29;17;34;8;6
03/07/2017;LUNDI   ;48;8;10;28;2;2
01/07/2017;SAMEDI  ;26;47;16;33;21;8
28/06/2017;MERCREDI;48;30;37;29;9;1
26/06/2017;LUNDI   ;1;49;5;29;38;9
24/06/2017;SAMEDI  ;48;27;23;35;24;5
21/06/2017;MERCREDI;12;22;34;18;39;6
19/06/2017;LUNDI   ;25;43;18;47;40;9
17/06/2017;SAMEDI  ;26;25;40;14;39;3
14/06/2017;MERCREDI;44;43;49;41;31;5
12/06/2017;LUNDI   ;5;29;4;7;27;5
10/06/2017;SAMEDI  ;49;34;37;36;8;10
07/06/2017;MERCREDI;22;43;36;40;21;5
05/06/2017;LUNDI   ;49;12;17;41;21;7
03/06/2017;SAMEDI  ;23;45;36;34;44;3
31/05/2017;MERCREDI;1;36;9;41;27;1
29/05/2017;LUNDI   ;40;43;39;41;1;9
27/05/2017;SAMEDI  ;9;8;28;40;17;8
24/05/2017;MERCREDI;17;22;18;8;30;5
22/05/2017;LUNDI   ;27;21;22;7;31;10
20/05/2017;SAMEDI  ;33;31;28;34;42;3
17/05/2017;MERCREDI;25;44;6;30;22;7
15/05/2017;LUNDI   ;22;13;1;27;5;1
13/05/2017;SAMEDI  ;16;13;9;28;47;10
10/05/2017;MERCREDI;30;22;20;43;12;9
08/05/2017;LUNDI   ;33;7;47;22;43;6
06/05/2017;SAMEDI  ;27;41;34;6;45;5
03/05/2017;MERCREDI;20;15;27;46;6;3
01/05/2017;LUNDI   ;18;46;37;16;35;6
29/04/2017;SAMEDI  ;48;37;46;44;34;9
26/04/2017;MERCREDI;27;6;8;14;16;5
24/04/2017;LUNDI   ;7;42;28;45;41;9
22/04/2017;SAMEDI  ;17;21;31;1;46;5
19/04/2017;MERCREDI;47;39;38;41;48;9
17/04/2017;LUNDI   ;8;36;46;4;33;7
15/04/2017;SAMEDI  ;28;29;41;40;49;5
12/04/2017;MERCREDI;48;18;3;28;40;7
10/04/2017;LUNDI   ;11;3;20;14;1;2
08/04/2017;SAMEDI  ;17;44;18;45;29;5
05/04/2017;MERCREDI;10;40;42;20;6;10
03/04/2017;LUNDI   ;34;16;44;3;9;3
01/04/2017;SAMEDI  ;46;2;44;9;25;9
29/03/2017;MERCREDI;35;14;10;26;25;5
27/03/2017;LUNDI   ;2;49;9;38;18;8
25/03/2017;SAMEDI  ;2;5;8;43;49;1
22/03/2017;MERCREDI;43;25;28;2;11;5
20/03/2017;LUNDI   ;42;39;28;13;40;1
18/03/2017;SAMEDI  ;33;18;1;30;6;2
15/03/2017;MERCREDI;25;5;46;36;31;8
13/03/2017;LUNDI   ;16;21;34;48;24;3
11/03/2017;SAMEDI  ;1;39;31;13;42;7
08/03/2017;MERCREDI;40;16;46;42;47;2
06/03/2017;LUNDI   ;26;10;6;41;3;9
02/11/2019;SAMEDI  ;41;1;18;16;13;3
30/10/2019;MERCREDI;46;13;48;2;22;1
28/10/2019;LUNDI   ;46;17;36;35;18;4
26/10/2019;SAMEDI  ;11;30;44;13;20;9
23/10/2019;MERCREDI;49;44;31;33;40;1
21/10/2019;LUNDI   ;13;42;40;48;3;4
19/10/2019;SAMEDI  ;36;23;24;31;32;8
16/10/2019;MERCREDI;19;30;5;18;35;2
14/10/2019;LUNDI   ;16;48;18;24;6;9
12/10/2019;SAMEDI  ;27;16;12;37;10;9
09/10/2019;MERCREDI;14;39;17;44;36;5
07/10/2019;LUNDI   ;19;4;2;35;11;5
05/10/2019;SAMEDI  ;30;2;38;16;31;5
02/10/2019;MERCREDI;33;37;32;35;49;3
30/09/2019;LUNDI   ;43;2;33;23;47;2
28/09/2019;SAMEDI  ;18;15;12;19;40;5
25/09/2019;MERCREDI;7;1;26;22;15;3
23/09/2019;LUNDI   ;36;20;42;34;29;4
21/09/2019;SAMEDI  ;15;42;41;44;8;10
18/09/2019;MERCREDI;16;6;36;5;3;10
16/09/2019;LUNDI   ;42;35;31;32;13;5
14/09/2019;SAMEDI  ;28;23;18;26;19;9
11/09/2019;MERCREDI;35;19;6;27;14;10
09/09/2019;LUNDI   ;42;2;44;28;5;8
07/09/2019;SAMEDI  ;16;12;27;30;2;2
04/09/2019;MERCREDI;25;2;4;7;35;3
02/09/2019;LUNDI   ;6;2;44;33;21;4
31/08/2019;SAMEDI  ;47;21;25;19;38;4
28/08/2019;MERCREDI;14;25;47;7;42;5
26/08/2019;LUNDI   ;4;21;46;27;47;6
24/08/2019;SAMEDI  ;23;31;15;38;17;4
21/08/2019;MERCREDI;17;3;38;1;25;8
19/08/2019;LUNDI   ;14;31;7;28;2;3
17/08/2019;SAMEDI  ;1;21;28;8;37;2
14/08/2019;MERCREDI;45;17;27;48;34;2
12/08/2019;LUNDI   ;31;30;9;20;34;10
10/08/2019;SAMEDI  ;37;4;12;9;18;3
07/08/2019;MERCREDI;26;28;36;29;5;4
05/08/2019;LUNDI   ;5;45;22;26;33;9
03/08/2019;SAMEDI  ;10;4;5;23;7;4
31/07/2019;MERCREDI;32;18;8;36;30;5
29/07/2019;LUNDI   ;6;29;3;47;21;3
27/07/2019;SAMEDI  ;25;28;39;47;31;8
24/07/2019;MERCREDI;39;25;10;32;40;10
22/07/2019;LUNDI   ;28;37;44;11;7;3
20/07/2019;SAMEDI  ;21;17;29;35;18;6
17/07/2019;MERCREDI;26;4;27;47;28;8
15/07/2019;LUNDI   ;10;1;19;13;3;4
13/07/2019;SAMEDI  ;27;18;49;37;48;10
10/07/2019;MERCREDI;7;21;29;35;47;6
08/07/2019;LUNDI   ;26;11;38;20;33;10
06/07/2019;SAMEDI  ;13;6;2;27;12;10
03/07/2019;MERCREDI;39;38;8;31;45;8
01/07/2019;LUNDI   ;38;23;41;3;17;3
29/06/2019;SAMEDI  ;46;42;1;4;3;3
26/06/2019;MERCREDI;4;47;43;30;7;10
24/06/2019;LUNDI   ;33;16;1;32;45;6
22/06/2019;SAMEDI  ;13;20;10;25;27;2
19/06/2019;MERCREDI;45;46;4;36;18;5
17/06/2019;LUNDI   ;20;49;31;12;13;2
15/06/2019;SAMEDI  ;2;13;20;30;37;6
12/06/2019;MERCREDI;25;31;45;38;3;9
10/06/2019;LUNDI   ;9;24;18;49;39;8
08/06/2019;SAMEDI  ;14;41;9;10;45;1
05/06/2019;MERCREDI;28;47;26;38;17;7
03/06/2019;LUNDI   ;42;12;9;41;33;1
01/06/2019;SAMEDI  ;35;26;13;45;20;3
29/05/2019;MERCREDI;36;48;14;13;6;2
27/05/2019;LUNDI   ;33;13;28;18;42;9
25/05/2019;SAMEDI  ;42;47;2;13;43;10
22/05/2019;MERCREDI;1;48;27;49;37;1
20/05/2019;LUNDI   ;32;14;43;29;41;1
18/05/2019;SAMEDI  ;19;4;10;42;46;5
15/05/2019;MERCREDI;38;44;46;27;42;1
13/05/2019;LUNDI   ;15;24;37;40;41;4
11/05/2019;SAMEDI  ;24;44;34;19;45;2
08/05/2019;MERCREDI;2;16;4;20;35;5
06/05/2019;LUNDI   ;23;38;5;24;35;3
04/05/2019;SAMEDI  ;38;18;3;24;29;9
01/05/2019;MERCREDI;26;48;25;16;34;8
29/04/2019;LUNDI   ;33;43;39;6;29;2
27/04/2019;SAMEDI  ;27;17;26;25;33;2
24/04/2019;MERCREDI;3;11;35;13;15;3
22/04/2019;LUNDI   ;39;7;21;29;5;7
20/04/2019;SAMEDI  ;4;30;15;49;45;3
17/04/2019;MERCREDI;29;17;34;48;8;3
15/04/2019;LUNDI   ;32;44;40;17;38;6
13/04/2019;SAMEDI  ;17;9;1;24;46;8
10/04/2019;MERCREDI;22;23;14;42;16;5
08/04/2019;LUNDI   ;24;9;26;15;13;9
06/04/2019;SAMEDI  ;19;26;13;27;24;7
03/04/2019;MERCREDI;16;38;18;45;10;3
01/04/2019;LUNDI   ;32;14;35;46;11;10
30/03/2019;SAMEDI  ;15;44;41;3;2;3
27/03/2019;MERCREDI;49;45;25;10;19;1
25/03/2019;LUNDI   ;46;47;23;22;24;2
23/03/2019;SAMEDI  ;12;1;40;28;26;6
20/03/2019;MERCREDI;13;3;21;2;40;8
18/03/2019;LUNDI   ;38;23;45;24;44;6
16/03/2019;SAMEDI  ;33;19;1;31;22;1
13/03/2019;MERCREDI;29;5;20;8;32;3
11/03/2019;LUNDI   ;25;24;16;6;5;1
09/03/2019;SAMEDI  ;32;47;43;35;15;10
06/03/2019;MERCREDI;14;23;15;44;46;5
04/03/2019;LUNDI   ;4;15;11;36;33;2
02/03/2019;SAMEDI  ;46;42;38;25;16;9
27/02/2019;MERCREDI;14;1;34;19;4;2
25/12/2024;MERCREDI;46;6;22;44;13;8
23/12/2024;LUNDI;22;17;38;2;13;7
21/12/2024;SAMEDI;41;16;6;28;36;8
18/12/2024;MERCREDI;8;27;26;46;14;2
16/12/2024;LUNDI;43;5;26;36;6;3
14/12/2024;SAMEDI;30;22;44;40;24;7
11/12/2024;MERCREDI;28;24;8;43;19;6
09/12/2024;LUNDI;38;5;9;25;6;6
07/12/2024;SAMEDI;9;21;24;30;28;9
04/12/2024;MERCREDI;40;21;7;34;3;1
02/12/2024;LUNDI;48;16;22;41;4;10
30/11/2024;SAMEDI;21;4;10;38;19;1
27/11/2024;MERCREDI;15;7;31;35;20;6
25/11/2024;LUNDI;13;7;37;49;3;5
23/11/2024;SAMEDI;37;33;36;34;20;2
20/11/2024;MERCREDI;35;37;45;48;27;5
18/11/2024;LUNDI;17;12;3;8;6;9
16/11/2024;SAMEDI;46;5;29;7;19;4
13/11/2024;MERCREDI;9;12;32;39;13;10
11/11/2024;LUNDI;8;35;46;6;11;6
09/11/2024;SAMEDI;36;12;35;23;26;8
06/11/2024;MERCREDI;26;8;23;15;6;5
04/11/2024;LUNDI;17;15;16;39;35;2
02/11/2024;SAMEDI;31;49;43;21;1;6
30/10/2024;MERCREDI;4;44;10;29;8;1
28/10/2024;LUNDI;21;39;43;9;41;3
26/10/2024;SAMEDI;9;17;30;20;11;8
23/10/2024;MERCREDI;27;1;34;44;40;2
21/10/2024;LUNDI;7;34;19;15;11;7
19/10/2024;SAMEDI;10;2;44;46;45;5
16/10/2024;MERCREDI;1;25;48;21;35;3
14/10/2024;LUNDI;42;18;47;41;20;2
12/10/2024;SAMEDI;35;33;43;6;37;6
09/10/2024;MERCREDI;5;26;22;31;33;7
07/10/2024;LUNDI;49;26;5;7;1;8
05/10/2024;SAMEDI;30;16;7;13;43;6
02/10/2024;MERCREDI;2;10;4;49;12;9
30/09/2024;LUNDI;1;33;49;24;17;9
28/09/2024;SAMEDI;47;39;4;42;45;1
25/09/2024;MERCREDI;5;25;10;6;1;9
23/09/2024;LUNDI;9;40;28;27;7;6
21/09/2024;SAMEDI;32;30;4;2;19;9
18/09/2024;MERCREDI;2;44;42;47;23;5
16/09/2024;LUNDI;27;31;48;30;17;8
14/09/2024;SAMEDI;15;32;11;49;6;4
11/09/2024;MERCREDI;28;30;10;39;24;5
09/09/2024;LUNDI;18;8;41;17;3;3
07/09/2024;SAMEDI;48;43;31;9;15;9
04/09/2024;MERCREDI;4;2;26;22;40;8
02/09/2024;LUNDI;27;12;26;6;5;6
31/08/2024;SAMEDI;43;18;28;40;14;1
28/08/2024;MERCREDI;42;30;11;33;37;3
26/08/2024;LUNDI;6;28;3;12;24;2
24/08/2024;SAMEDI;13;29;30;20;36;5
21/08/2024;MERCREDI;3;20;15;31;19;7
19/08/2024;LUNDI;10;18;20;19;28;5
17/08/2024;SAMEDI;3;4;22;48;49;1
14/08/2024;MERCREDI;25;17;46;28;23;5
12/08/2024;LUNDI;16;18;45;38;31;8
10/08/2024;SAMEDI;36;31;37;28;17;10
07/08/2024;MERCREDI;27;47;24;39;46;9
05/08/2024;LUNDI;24;21;7;31;27;3
03/08/2024;SAMEDI;47;4;2;14;34;2
31/07/2024;MERCREDI;25;3;45;47;49;7
29/07/2024;LUNDI;20;22;32;34;31;7
27/07/2024;SAMEDI;21;8;28;42;47;4
24/07/2024;MERCREDI;40;11;18;8;47;2
22/07/2024;LUNDI;49;35;25;27;42;9
20/07/2024;SAMEDI;5;30;16;47;15;7
17/07/2024;MERCREDI;35;40;17;6;47;4
15/07/2024;LUNDI;4;10;30;38;24;10
13/07/2024;SAMEDI;21;5;6;24;42;8
10/07/2024;MERCREDI;16;3;5;39;11;9
08/07/2024;LUNDI;7;42;31;8;24;6
06/07/2024;SAMEDI;46;13;47;18;34;5
03/07/2024;MERCREDI;4;1;24;21;42;3
01/07/2024;LUNDI;22;7;28;6;3;7
29/06/2024;SAMEDI;17;24;30;43;1;7
26/06/2024;MERCREDI;21;10;38;41;25;8
24/06/2024;LUNDI;48;47;6;45;1;6
22/06/2024;SAMEDI;10;34;25;38;29;3
19/06/2024;MERCREDI;35;11;18;46;30;2
17/06/2024;LUNDI;28;6;11;46;25;2
15/06/2024;SAMEDI;8;16;42;30;40;2
12/06/2024;MERCREDI;28;3;6;33;13;4
10/06/2024;LUNDI;47;5;34;28;39;8
08/06/2024;SAMEDI;35;39;18;43;31;7
05/06/2024;MERCREDI;4;6;35;47;7;1
03/06/2024;LUNDI;9;15;39;49;48;7
01/06/2024;SAMEDI;27;2;48;43;3;8
29/05/2024;MERCREDI;10;19;28;38;37;7
27/05/2024;LUNDI;41;19;32;42;47;1
25/05/2024;SAMEDI;19;26;42;18;20;1
22/05/2024;MERCREDI;46;23;21;32;20;10
20/05/2024;LUNDI;12;32;36;6;29;8
18/05/2024;SAMEDI;14;34;37;15;45;2
15/05/2024;MERCREDI;21;16;9;20;15;1
13/05/2024;LUNDI;26;13;25;12;18;4
11/05/2024;SAMEDI;6;39;24;13;43;8
08/05/2024;MERCREDI;7;34;6;3;36;7
06/05/2024;LUNDI;1;4;35;39;21;5
04/05/2024;SAMEDI;2;16;19;12;6;3
01/05/2024;MERCREDI;17;42;25;5;15;7
29/04/2024;LUNDI;49;47;20;3;30;7
27/04/2024;SAMEDI;18;34;27;14;44;6
24/04/2024;MERCREDI;38;25;40;41;39;7
22/04/2024;LUNDI;48;20;39;8;47;1
20/04/2024;SAMEDI;13;10;22;24;16;7
17/04/2024;MERCREDI;48;6;8;17;24;10
15/04/2024;LUNDI;24;2;21;36;31;6
13/04/2024;SAMEDI;45;7;29;19;38;8
10/04/2024;MERCREDI;18;1;33;9;39;2
08/04/2024;LUNDI;2;22;46;21;49;9
06/04/2024;SAMEDI;27;2;36;43;6;5
03/04/2024;MERCREDI;26;46;5;12;36;4
01/04/2024;LUNDI;9;17;15;12;26;8
30/03/2024;SAMEDI;40;41;28;8;42;2
27/03/2024;MERCREDI;28;45;2;15;23;7
25/03/2024;LUNDI;37;1;22;26;31;5
23/03/2024;SAMEDI;47;49;20;34;32;1
20/03/2024;MERCREDI;24;46;3;22;32;5
18/03/2024;LUNDI;36;48;30;20;40;8
16/03/2024;SAMEDI;12;10;37;25;49;2
13/03/2024;MERCREDI;5;29;4;10;13;1
11/03/2024;LUNDI;18;48;36;16;45;10
09/03/2024;SAMEDI;29;28;25;7;35;2
06/03/2024;MERCREDI;12;8;43;46;49;8
04/03/2024;LUNDI;25;8;18;27;37;8
02/03/2024;SAMEDI;20;13;27;26;17;4
28/02/2024;MERCREDI;2;38;46;27;43;3
26/02/2024;LUNDI;7;45;30;8;20;10
24/02/2024;SAMEDI;14;45;37;22;25;3
21/02/2024;MERCREDI;42;22;9;33;45;3
19/02/2024;LUNDI;35;23;16;42;8;2
17/02/2024;SAMEDI;2;19;13;23;36;3
14/02/2024;MERCREDI;28;15;3;46;36;2
12/02/2024;LUNDI;36;40;5;30;43;1
10/02/2024;SAMEDI;44;15;37;34;40;8
07/02/2024;MERCREDI;24;13;23;6;34;4
05/02/2024;LUNDI;36;3;33;34;42;2
03/02/2024;SAMEDI;42;4;23;15;12;1
31/01/2024;MERCREDI;34;2;13;15;31;8
29/01/2024;LUNDI;27;26;8;9;15;4
27/01/2024;SAMEDI;47;2;14;33;30;5
24/01/2024;MERCREDI;25;9;34;31;32;5
22/01/2024;LUNDI;32;29;37;20;5;9
20/01/2024;SAMEDI;19;41;42;43;45;2
17/01/2024;MERCREDI;29;8;37;22;39;10
15/01/2024;LUNDI;11;7;15;23;19;4
13/01/2024;SAMEDI;12;15;21;29;48;6
10/01/2024;MERCREDI;12;28;32;45;38;9
08/01/2024;LUNDI;6;48;11;49;46;2
06/01/2024;SAMEDI;49;19;22;40;45;2
03/01/2024;MERCREDI;36;1;45;9;14;3
01/01/2024;LUNDI;4;41;16;13;6;10
30/12/2023;SAMEDI;36;12;7;11;38;6
27/12/2023;MERCREDI;16;41;26;28;13;8
25/12/2023;LUNDI;9;32;7;47;1;1
23/12/2023;SAMEDI;39;28;26;5;29;10
20/12/2023;MERCREDI;2;3;29;30;31;10
18/12/2023;LUNDI;30;3;15;41;16;9
16/12/2023;SAMEDI;1;15;12;30;44;1
13/12/2023;MERCREDI;4;19;22;18;7;10
11/12/2023;LUNDI;25;48;16;12;49;10
09/12/2023;SAMEDI;40;34;36;28;15;10
06/12/2023;MERCREDI;29;1;43;37;27;7
04/12/2023;LUNDI;41;44;38;8;10;2
02/12/2023;SAMEDI;25;19;12;11;28;4
29/11/2023;MERCREDI;21;30;6;31;10;1
27/11/2023;LUNDI;19;8;46;26;9;9
25/11/2023;SAMEDI;1;9;19;13;11;8
22/11/2023;MERCREDI;18;45;41;4;17;2
20/11/2023;LUNDI;30;15;34;46;41;2
18/11/2023;SAMEDI;12;21;48;29;20;3
15/11/2023;MERCREDI;22;7;16;30;2;1
13/11/2023;LUNDI;46;39;23;45;13;7
11/11/2023;SAMEDI;17;22;35;25;19;6
08/11/2023;MERCREDI;2;49;1;36;14;9
06/11/2023;LUNDI;18;10;40;34;31;10
04/11/2023;SAMEDI;20;13;46;40;25;7
01/11/2023;MERCREDI;32;46;27;1;16;1
30/10/2023;LUNDI;30;34;8;1;13;4
28/10/2023;SAMEDI;31;38;22;32;34;2
25/10/2023;MERCREDI;22;12;30;35;33;10
23/10/2023;LUNDI;10;3;40;26;22;4
21/10/2023;SAMEDI;47;14;28;3;25;10
18/10/2023;MERCREDI;22;13;46;49;3;1
16/10/2023;LUNDI;6;7;37;25;47;9
14/10/2023;SAMEDI;13;14;27;4;20;1
11/10/2023;MERCREDI;10;16;15;6;24;8
09/10/2023;LUNDI;9;16;32;30;23;6
07/10/2023;SAMEDI;5;12;42;9;26;2
04/10/2023;MERCREDI;26;21;40;27;31;1
02/10/2023;LUNDI;6;40;17;15;3;1
30/09/2023;SAMEDI;33;48;25;23;41;1
27/09/2023;MERCREDI;44;14;30;25;17;3
25/09/2023;LUNDI;4;13;27;46;21;4
23/09/2023;SAMEDI;26;28;40;37;6;8
20/09/2023;MERCREDI;48;19;37;16;29;1
18/09/2023;LUNDI;5;30;40;35;17;6
16/09/2023;SAMEDI;42;43;32;40;15;4
13/09/2023;MERCREDI;11;27;30;48;49;8
11/09/2023;LUNDI;31;44;40;13;28;6
09/09/2023;SAMEDI;15;7;3;42;4;4
06/09/2023;MERCREDI;47;30;15;33;4;10
04/09/2023;LUNDI;27;13;2;11;36;10
02/09/2023;SAMEDI;10;33;47;1;7;10
30/08/2023;MERCREDI;46;31;20;45;39;10
28/08/2023;LUNDI;9;35;23;37;28;7
26/08/2023;SAMEDI;15;14;21;34;45;5
23/08/2023;MERCREDI;46;29;25;8;34;7
21/08/2023;LUNDI;3;17;4;36;22;6
19/08/2023;SAMEDI;27;8;32;11;4;10
16/08/2023;MERCREDI;24;41;19;35;27;9
14/08/2023;LUNDI;44;13;3;27;49;9
12/08/2023;SAMEDI;9;20;44;1;39;9
09/08/2023;MERCREDI;6;31;45;14;3;9
07/08/2023;LUNDI;11;1;15;48;47;7
05/08/2023;SAMEDI;40;42;2;7;10;2
02/08/2023;MERCREDI;18;12;32;9;23;9
31/07/2023;LUNDI;1;47;22;33;4;1
29/07/2023;SAMEDI;1;49;29;18;37;4
26/07/2023;MERCREDI;17;49;18;28;11;7
24/07/2023;LUNDI;12;1;31;45;17;7
22/07/2023;SAMEDI;37;33;42;36;31;3
19/07/2023;MERCREDI;35;5;39;19;11;9
17/07/2023;LUNDI;47;6;20;9;41;9
15/07/2023;SAMEDI;7;32;42;45;12;6
12/07/2023;MERCREDI;31;18;34;27;26;8
10/07/2023;LUNDI;14;3;10;44;8;2
08/07/2023;SAMEDI;6;19;48;32;10;5
05/07/2023;MERCREDI;22;8;19;7;15;5
03/07/2023;LUNDI;42;23;2;8;35;7
01/07/2023;SAMEDI;24;7;18;15;9;10
28/06/2023;MERCREDI;49;34;36;12;42;10
26/06/2023;LUNDI;14;21;48;16;26;3
24/06/2023;SAMEDI;30;40;3;21;2;4
21/06/2023;MERCREDI;20;35;27;19;12;4
19/06/2023;LUNDI;39;42;38;29;49;3
17/06/2023;SAMEDI;28;43;29;38;44;3
14/06/2023;MERCREDI;14;9;16;12;33;2
12/06/2023;LUNDI;12;26;28;19;21;2
10/06/2023;SAMEDI;28;16;11;32;49;10
07/06/2023;MERCREDI;41;28;3;4;23;8
05/06/2023;LUNDI;3;46;25;10;13;5
03/06/2023;SAMEDI;46;44;37;2;39;4
31/05/2023;MERCREDI;43;9;40;28;13;3
29/05/2023;LUNDI;12;38;28;24;36;3
27/05/2023;SAMEDI;25;24;31;34;9;9
24/05/2023;MERCREDI;20;11;36;17;28;10
22/05/2023;LUNDI;43;33;42;22;37;4
20/05/2023;SAMEDI;25;18;3;8;37;6
17/05/2023;MERCREDI;8;2;11;47;40;7
15/05/2023;LUNDI;12;9;48;7;29;4
13/05/2023;SAMEDI;43;6;25;34;9;5
10/05/2023;MERCREDI;45;12;44;15;9;1
08/05/2023;LUNDI;43;47;16;39;4;5
06/05/2023;SAMEDI;47;25;42;2;30;10
03/05/2023;MERCREDI;17;23;13;20;45;8
01/05/2023;LUNDI;15;41;33;44;5;10
29/04/2023;SAMEDI;40;48;36;22;3;5
26/04/2023;MERCREDI;3;18;24;11;14;10
24/04/2023;LUNDI;41;23;25;1;49;2
22/04/2023;SAMEDI;12;26;48;13;35;1
19/04/2023;MERCREDI;43;41;5;46;34;5
17/04/2023;LUNDI;3;18;42;13;43;9
15/04/2023;SAMEDI;32;17;15;19;29;10
12/04/2023;MERCREDI;18;26;10;30;15;7
10/04/2023;LUNDI;45;24;15;10;49;2
08/04/2023;SAMEDI;19;35;48;3;42;10
05/04/2023;MERCREDI;31;33;16;29;39;2
03/04/2023;LUNDI;49;15;39;31;46;4
01/04/2023;SAMEDI;44;48;17;12;35;8
29/03/2023;MERCREDI;34;1;32;14;11;9
27/03/2023;LUNDI;1;11;23;41;34;9
25/03/2023;SAMEDI;3;34;29;7;11;4
22/03/2023;MERCREDI;24;38;33;12;20;2
20/03/2023;LUNDI;38;19;10;26;7;8
18/03/2023;SAMEDI;7;31;8;48;32;5
15/03/2023;MERCREDI;37;20;15;5;17;2
13/03/2023;LUNDI;47;45;35;42;19;2
11/03/2023;SAMEDI;6;34;14;33;18;6
08/03/2023;MERCREDI;10;7;46;16;35;5
06/03/2023;LUNDI;24;38;41;18;5;7
04/03/2023;SAMEDI;42;40;35;25;12;6
01/03/2023;MERCREDI;18;39;45;14;21;8
27/02/2023;LUNDI;5;37;14;6;2;1
25/02/2023;SAMEDI;34;19;3;1;43;3
22/02/2023;MERCREDI;37;35;3;24;31;4
20/02/2023;LUNDI;35;43;41;22;16;7
18/02/2023;SAMEDI;12;24;1;13;5;9
15/02/2023;MERCREDI;20;24;5;44;28;6
13/02/2023;LUNDI;20;8;33;27;35;2
11/02/2023;SAMEDI;43;9;15;47;45;9
08/02/2023;MERCREDI;44;24;16;21;34;7
06/02/2023;LUNDI;32;13;5;21;6;3
04/02/2023;SAMEDI;42;26;31;13;16;2
01/02/2023;MERCREDI;12;48;38;35;9;5
30/01/2023;LUNDI;35;27;8;30;34;5
28/01/2023;SAMEDI;15;44;5;30;45;5
25/01/2023;MERCREDI;32;26;44;18;21;10
23/01/2023;LUNDI;28;6;10;35;32;9
21/01/2023;SAMEDI;41;4;45;18;24;6
18/01/2023;MERCREDI;7;35;48;39;11;8
16/01/2023;LUNDI;5;31;10;19;28;4
14/01/2023;SAMEDI;22;36;40;13;14;9
11/01/2023;MERCREDI;8;16;17;3;47;9
09/01/2023;LUNDI;38;1;48;30;20;3
07/01/2023;SAMEDI;8;43;7;21;34;6
04/01/2023;MERCREDI;3;5;49;38;25;10
02/01/2023;LUNDI;49;39;45;41;1;5
31/12/2022;SAMEDI;35;39;16;11;23;8
28/12/2022;MERCREDI;29;1;3;35;8;8
26/12/2022;LUNDI;6;23;32;49;48;4
24/12/2022;SAMEDI;12;41;47;46;6;6
21/12/2022;MERCREDI;11;22;15;12;21;7
19/12/2022;LUNDI;43;35;6;31;36;4
17/12/2022;SAMEDI;46;27;42;23;8;3
14/12/2022;MERCREDI;15;37;4;20;6;10
12/12/2022;LUNDI;46;25;47;2;35;10
10/12/2022;SAMEDI;6;43;29;13;27;2
07/12/2022;MERCREDI;2;12;38;15;10;5
05/12/2022;LUNDI;36;45;9;24;17;7
03/12/2022;SAMEDI;32;19;34;26;27;9
30/11/2022;MERCREDI;44;18;28;49;30;5
28/11/2022;LUNDI;24;46;9;2;13;6
26/11/2022;SAMEDI;5;7;28;23;2;5
23/11/2022;MERCREDI;46;36;45;15;19;4
21/11/2022;LUNDI;45;33;47;15;23;7
19/11/2022;SAMEDI;40;24;19;1;28;8
16/11/2022;MERCREDI;1;8;48;38;3;1
14/11/2022;LUNDI;28;23;34;44;14;5
12/11/2022;SAMEDI;14;44;34;25;4;7
09/11/2022;MERCREDI;15;2;1;41;30;9
07/11/2022;LUNDI;24;8;9;40;31;7
05/11/2022;SAMEDI;40;6;38;23;32;10
02/11/2022;MERCREDI;45;7;38;4;26;2
31/10/2022;LUNDI;34;25;45;44;4;7
29/10/2022;SAMEDI;33;28;48;44;26;4
26/10/2022;MERCREDI;45;30;4;2;23;5
24/10/2022;LUNDI;43;28;33;37;29;1
22/10/2022;SAMEDI;12;2;25;35;7;10
19/10/2022;MERCREDI;35;16;38;46;25;8
17/10/2022;LUNDI;38;49;20;16;40;2
15/10/2022;SAMEDI;31;16;27;24;46;1
12/10/2022;MERCREDI;17;44;7;40;39;3
10/10/2022;LUNDI;19;40;32;13;46;7
08/10/2022;SAMEDI;17;20;48;16;34;7
05/10/2022;MERCREDI;32;23;39;35;14;7
03/10/2022;LUNDI;20;40;31;7;23;1
01/10/2022;SAMEDI;8;7;35;36;26;2
28/09/2022;MERCREDI;12;39;26;14;29;10
26/09/2022;LUNDI;29;49;35;18;39;1
24/09/2022;SAMEDI;25;6;32;7;4;10
21/09/2022;MERCREDI;3;12;22;9;37;10
19/09/2022;LUNDI;5;7;44;15;33;1
17/09/2022;SAMEDI;12;17;1;20;3;3
14/09/2022;MERCREDI;40;10;38;26;45;1
12/09/2022;LUNDI;4;49;20;7;21;10
10/09/2022;SAMEDI;25;3;8;49;24;5
07/09/2022;MERCREDI;20;35;30;3;29;9
05/09/2022;LUNDI;5;1;35;27;40;4
03/09/2022;SAMEDI;35;24;44;38;32;6
31/08/2022;MERCREDI;9;39;10;15;45;7
29/08/2022;LUNDI;5;10;28;34;22;4
27/08/2022;SAMEDI;32;39;22;11;34;3
24/08/2022;MERCREDI;39;42;36;27;22;10
22/08/2022;LUNDI;39;46;2;9;44;9
20/08/2022;SAMEDI;21;38;17;1;46;2
17/08/2022;MERCREDI;16;5;14;29;17;3
15/08/2022;LUNDI;34;4;48;42;22;3
13/08/2022;SAMEDI;17;38;37;11;39;2
10/08/2022;MERCREDI;15;35;11;28;9;2
08/08/2022;LUNDI;41;22;3;37;40;2
06/08/2022;SAMEDI;37;28;23;38;6;1
03/08/2022;MERCREDI;45;10;5;40;32;5
01/08/2022;LUNDI;38;1;4;23;30;6
30/07/2022;SAMEDI;14;21;24;2;38;6
27/07/2022;MERCREDI;13;43;31;47;46;10
25/07/2022;LUNDI;26;42;13;7;24;2
23/07/2022;SAMEDI;15;47;39;25;41;9
20/07/2022;MERCREDI;29;21;31;47;17;4
18/07/2022;LUNDI;18;29;49;37;5;8
16/07/2022;SAMEDI;3;33;4;49;14;3
13/07/2022;MERCREDI;30;48;7;31;46;3
11/07/2022;LUNDI;10;5;49;47;1;1
09/07/2022;SAMEDI;37;24;34;9;8;2
06/07/2022;MERCREDI;43;16;10;25;44;4
04/07/2022;LUNDI;18;20;4;12;26;8
02/07/2022;SAMEDI  ;32;20;22;46;34;9
29/06/2022;MERCREDI;16;47;43;24;26;9
27/06/2022;LUNDI   ;34;31;36;24;37;1
25/06/2022;SAMEDI  ;2;47;40;31;49;9
22/06/2022;MERCREDI;17;40;10;27;23;2
20/06/2022;LUNDI   ;27;47;23;48;14;3
18/06/2022;SAMEDI  ;31;1;12;32;28;9
15/06/2022;MERCREDI;11;37;44;13;21;6
13/06/2022;LUNDI   ;44;45;46;43;31;10
11/06/2022;SAMEDI  ;7;28;4;11;10;8
08/06/2022;MERCREDI;38;33;39;27;26;5
06/06/2022;LUNDI   ;20;5;22;23;18;5
04/06/2022;SAMEDI  ;9;23;17;42;6;5
01/06/2022;MERCREDI;33;4;35;22;2;7
30/05/2022;LUNDI   ;22;12;38;13;14;2
28/05/2022;SAMEDI  ;20;27;21;26;7;7
25/05/2022;MERCREDI;37;30;24;27;45;10
23/05/2022;LUNDI   ;30;26;48;41;47;6
21/05/2022;SAMEDI  ;1;12;41;7;21;4
18/05/2022;MERCREDI;14;23;22;45;36;7
16/05/2022;LUNDI   ;21;33;4;14;32;1
14/05/2022;SAMEDI  ;4;44;29;32;24;4
11/05/2022;MERCREDI;23;45;7;2;46;10
09/05/2022;LUNDI   ;6;33;7;9;15;2
07/05/2022;SAMEDI  ;23;37;38;7;15;3
04/05/2022;MERCREDI;37;30;17;12;41;2
02/05/2022;LUNDI   ;46;20;13;47;8;7
30/04/2022;SAMEDI  ;6;27;5;21;47;9
27/04/2022;MERCREDI;8;13;1;43;31;10
25/04/2022;LUNDI   ;31;36;42;23;8;7
23/04/2022;SAMEDI  ;44;20;11;9;42;4
20/04/2022;MERCREDI;45;46;4;13;33;7
18/04/2022;LUNDI   ;10;39;33;9;47;5
16/04/2022;SAMEDI  ;4;41;30;27;21;6
13/04/2022;MERCREDI;36;29;44;46;35;8
11/04/2022;LUNDI   ;32;3;22;18;17;10
09/04/2022;SAMEDI  ;3;15;13;29;40;10
06/04/2022;MERCREDI;6;20;48;12;38;7
04/04/2022;LUNDI   ;23;22;33;36;10;6
02/04/2022;SAMEDI  ;15;6;11;28;24;10
30/03/2022;MERCREDI;12;34;16;26;10;7
28/03/2022;LUNDI   ;16;48;21;5;26;10
26/03/2022;SAMEDI  ;40;10;37;34;12;5
23/03/2022;MERCREDI;20;2;29;39;18;10
21/03/2022;LUNDI   ;10;26;46;35;5;9
19/03/2022;SAMEDI  ;44;38;33;49;41;7
16/03/2022;MERCREDI;1;49;12;39;24;3
14/03/2022;LUNDI   ;11;5;32;49;9;6
12/03/2022;SAMEDI  ;16;47;33;21;5;5
09/03/2022;MERCREDI;32;8;21;41;25;4
07/03/2022;LUNDI   ;8;27;29;15;41;4
05/03/2022;SAMEDI  ;37;26;36;14;1;3
02/03/2022;MERCREDI;46;4;3;43;22;6
28/02/2022;LUNDI   ;43;9;21;36;27;2
26/02/2022;SAMEDI  ;29;39;28;22;30;3
23/02/2022;MERCREDI;33;15;6;12;14;8
21/02/2022;LUNDI   ;2;6;10;32;17;5
19/02/2022;SAMEDI  ;32;24;49;39;40;1
16/02/2022;MERCREDI;22;24;41;21;32;2
14/02/2022;LUNDI   ;26;13;29;15;20;5
12/02/2022;SAMEDI  ;45;22;28;40;37;10
09/02/2022;MERCREDI;44;48;31;46;21;1
07/02/2022;LUNDI   ;37;15;18;31;46;3
05/02/2022;SAMEDI  ;48;31;24;11;38;9
02/02/2022;MERCREDI;11;37;49;28;40;4
31/01/2022;LUNDI   ;25;32;31;36;10;8
29/01/2022;SAMEDI  ;42;29;25;46;8;9
26/01/2022;MERCREDI;14;16;33;38;45;10
24/01/2022;LUNDI   ;15;38;7;4;40;2
22/01/2022;SAMEDI  ;26;3;39;17;30;8
19/01/2022;MERCREDI;44;27;41;8;43;6
17/01/2022;LUNDI   ;4;27;5;15;22;9
15/01/2022;SAMEDI  ;19;10;30;13;47;8
12/01/2022;MERCREDI;23;20;1;26;44;4
10/01/2022;LUNDI   ;14;43;34;41;35;9
08/01/2022;SAMEDI  ;22;42;43;17;25;10
05/01/2022;MERCREDI;17;45;30;32;6;4
03/01/2022;LUNDI   ;33;36;34;38;22;5
01/01/2022;SAMEDI  ;30;36;14;6;39;5
29/12/2021;MERCREDI;21;18;33;49;48;7
27/12/2021;LUNDI   ;32;20;6;12;14;8
25/12/2021;SAMEDI  ;6;25;48;21;37;10
22/12/2021;MERCREDI;41;20;46;11;24;1
20/12/2021;LUNDI   ;22;23;12;47;25;1
18/12/2021;SAMEDI  ;10;46;2;31;38;8
15/12/2021;MERCREDI;34;47;11;37;38;8
13/12/2021;LUNDI   ;23;38;36;18;19;1
11/12/2021;SAMEDI  ;16;45;34;42;26;9
08/12/2021;MERCREDI;28;26;1;30;16;4
06/12/2021;LUNDI   ;29;16;36;7;15;6
04/12/2021;SAMEDI  ;23;18;34;5;44;5
01/12/2021;MERCREDI;26;18;3;49;46;6
29/11/2021;LUNDI   ;30;26;35;44;31;4
27/11/2021;SAMEDI  ;25;28;46;12;27;4
24/11/2021;MERCREDI;14;34;39;24;47;8
22/11/2021;LUNDI   ;19;12;8;41;16;5
20/11/2021;SAMEDI  ;44;9;18;17;42;8
17/11/2021;MERCREDI;37;40;36;4;43;6
15/11/2021;LUNDI   ;34;7;8;41;42;8
13/11/2021;SAMEDI  ;39;13;12;31;26;6
10/11/2021;MERCREDI;31;12;9;40;41;2
08/11/2021;LUNDI   ;44;32;11;48;7;3
06/11/2021;SAMEDI  ;19;2;18;22;4;3
03/11/2021;MERCREDI;7;39;31;38;42;10
01/11/2021;LUNDI   ;47;27;26;43;1;6
30/10/2021;SAMEDI  ;46;11;43;12;30;9
27/10/2021;MERCREDI;41;16;44;27;15;9
25/10/2021;LUNDI   ;31;48;43;37;3;10
23/10/2021;SAMEDI  ;6;36;35;10;48;9
20/10/2021;MERCREDI;26;35;16;22;42;4
18/10/2021;LUNDI   ;41;27;36;35;9;6
16/10/2021;SAMEDI  ;23;15;46;5;37;10
13/10/2021;MERCREDI;21;20;19;43;49;10
11/10/2021;LUNDI   ;26;7;1;9;28;3
09/10/2021;SAMEDI  ;22;29;19;15;34;3
06/10/2021;MERCREDI;44;34;20;8;41;2
04/10/2021;LUNDI   ;44;15;5;19;7;1
02/10/2021;SAMEDI  ;6;46;35;20;8;9
29/09/2021;MERCREDI;6;39;28;13;33;10
27/09/2021;LUNDI   ;12;26;31;40;37;3
25/09/2021;SAMEDI  ;20;35;49;18;16;1
22/09/2021;MERCREDI;5;40;13;14;9;1
20/09/2021;LUNDI   ;12;10;45;15;31;5
18/09/2021;SAMEDI  ;39;38;21;2;9;2
15/09/2021;MERCREDI;48;22;4;30;27;7
13/09/2021;LUNDI   ;4;30;24;21;40;4
11/09/2021;SAMEDI  ;5;3;49;33;15;8
08/09/2021;MERCREDI;7;34;27;12;15;4
06/09/2021;LUNDI   ;3;31;36;13;40;9
04/09/2021;SAMEDI  ;41;49;30;45;35;3
01/09/2021;MERCREDI;49;27;32;24;17;7
30/08/2021;LUNDI   ;32;34;18;44;3;9
28/08/2021;SAMEDI  ;48;43;46;11;8;9
25/08/2021;MERCREDI;19;9;29;26;3;8
23/08/2021;LUNDI   ;13;22;31;11;21;6
21/08/2021;SAMEDI  ;46;8;2;19;29;2
18/08/2021;MERCREDI;4;7;12;24;25;2
16/08/2021;LUNDI   ;22;27;13;10;49;4
14/08/2021;SAMEDI  ;4;28;42;49;35;7
11/08/2021;MERCREDI;43;13;21;5;6;4
09/08/2021;LUNDI   ;37;43;45;28;38;3
07/08/2021;SAMEDI  ;7;24;36;6;47;10
04/08/2021;MERCREDI;21;36;22;20;44;10
02/08/2021;LUNDI   ;24;44;46;42;7;2
31/07/2021;SAMEDI  ;22;6;46;7;17;3
28/07/2021;MERCREDI;1;28;3;29;8;6
26/07/2021;LUNDI   ;42;5;34;21;37;10
24/07/2021;SAMEDI  ;24;40;5;31;22;9
21/07/2021;MERCREDI;27;25;6;37;32;9
19/07/2021;LUNDI   ;3;28;15;4;2;5
17/07/2021;SAMEDI  ;31;8;47;11;17;6
14/07/2021;MERCREDI;36;18;38;31;29;10
12/07/2021;LUNDI   ;38;31;8;37;30;1
10/07/2021;SAMEDI  ;43;3;38;42;46;1
07/07/2021;MERCREDI;37;18;8;44;46;2
05/07/2021;LUNDI   ;43;36;3;32;45;2
03/07/2021;SAMEDI  ;33;48;13;2;19;2
30/06/2021;MERCREDI;8;44;6;48;31;9
28/06/2021;LUNDI   ;4;28;48;8;15;1
26/06/2021;SAMEDI  ;37;24;38;13;45;6
23/06/2021;MERCREDI;1;16;6;3;40;1
21/06/2021;LUNDI   ;44;21;25;18;47;10
19/06/2021;SAMEDI  ;3;44;46;27;14;6
16/06/2021;MERCREDI;22;23;35;46;3;9
14/06/2021;LUNDI   ;40;12;47;21;19;7
12/06/2021;SAMEDI  ;9;2;5;29;10;1
09/06/2021;MERCREDI;16;33;41;2;24;8
07/06/2021;LUNDI   ;6;28;34;7;11;8
05/06/2021;SAMEDI  ;45;16;6;37;25;9
02/06/2021;MERCREDI;33;34;25;3;26;6
31/05/2021;LUNDI   ;25;3;13;32;47;9
29/05/2021;SAMEDI  ;32;4;36;44;9;3
26/05/2021;MERCREDI;20;1;22;5;42;6
24/05/2021;LUNDI   ;11;44;47;29;7;9
22/05/2021;SAMEDI  ;9;2;45;19;7;10
19/05/2021;MERCREDI;28;17;41;3;23;3
17/05/2021;LUNDI   ;23;42;3;17;47;4
15/05/2021;SAMEDI  ;7;31;29;24;47;3
12/05/2021;MERCREDI;19;11;22;36;9;1
10/05/2021;LUNDI   ;44;12;13;17;27;10
08/05/2021;SAMEDI  ;41;35;40;6;24;6
05/05/2021;MERCREDI;36;48;46;41;8;6
03/05/2021;LUNDI   ;44;8;11;48;37;6
01/05/2021;SAMEDI  ;27;25;5;34;38;7
28/04/2021;MERCREDI;4;15;10;49;12;6
26/04/2021;LUNDI   ;2;34;41;32;8;6
24/04/2021;SAMEDI  ;41;12;26;42;36;7
21/04/2021;MERCREDI;45;31;6;49;39;4
19/04/2021;LUNDI   ;49;17;36;44;27;1
17/04/2021;SAMEDI  ;38;37;17;34;30;1
14/04/2021;MERCREDI;27;25;20;23;47;6
12/04/2021;LUNDI   ;43;14;26;7;11;7
10/04/2021;SAMEDI  ;9;35;15;8;4;8
07/04/2021;MERCREDI;35;19;9;16;43;4
05/04/2021;LUNDI   ;32;22;2;12;15;8
03/04/2021;SAMEDI  ;17;1;38;2;45;2
31/03/2021;MERCREDI;2;27;24;35;22;5
29/03/2021;LUNDI   ;41;28;18;13;38;1
27/03/2021;SAMEDI  ;16;11;18;8;10;5
24/03/2021;MERCREDI;22;38;28;37;9;10
22/03/2021;LUNDI   ;15;6;34;39;24;4
20/03/2021;SAMEDI  ;42;18;14;4;27;3
17/03/2021;MERCREDI;45;18;46;3;30;3
15/03/2021;LUNDI   ;29;38;33;15;41;2
13/03/2021;SAMEDI  ;47;22;19;4;10;8
10/03/2021;MERCREDI;26;42;33;20;34;9
08/03/2021;LUNDI   ;24;8;38;19;40;10
06/03/2021;SAMEDI  ;11;22;3;13;30;8
03/03/2021;MERCREDI;38;8;41;49;19;7
01/03/2021;LUNDI   ;4;14;21;47;8;9
27/02/2021;SAMEDI  ;4;29;42;43;11;10
24/02/2021;MERCREDI;47;18;41;10;19;2
22/02/2021;LUNDI   ;3;37;26;15;24;7
20/02/2021;SAMEDI  ;21;36;19;39;49;5
17/02/2021;MERCREDI;34;31;35;41;29;8
15/02/2021;LUNDI   ;13;22;17;6;12;7
13/02/2021;SAMEDI  ;13;17;31;28;9;10
10/02/2021;MERCREDI;44;13;29;15;33;4
08/02/2021;LUNDI   ;19;10;9;29;5;8
06/02/2021;SAMEDI  ;44;42;15;9;47;10
03/02/2021;MERCREDI;17;31;26;37;21;10
01/02/2021;LUNDI   ;1;18;45;17;21;9
30/01/2021;SAMEDI  ;17;5;33;9;37;4
27/01/2021;MERCREDI;27;44;25;23;6;6
25/01/2021;LUNDI   ;13;31;49;7;3;5
23/01/2021;SAMEDI  ;1;19;13;24;48;5
20/01/2021;MERCREDI;21;11;22;40;32;9
18/01/2021;LUNDI   ;5;43;10;48;25;10
16/01/2021;SAMEDI  ;44;20;14;22;36;2
13/01/2021;MERCREDI;32;42;30;17;41;5
11/01/2021;LUNDI   ;33;46;8;17;1;5
09/01/2021;SAMEDI  ;49;12;27;11;7;1
06/01/2021;MERCREDI;41;21;32;47;11;9
04/01/2021;LUNDI   ;31;39;30;49;19;8
02/01/2021;SAMEDI  ;5;27;7;24;41;10
30/12/2020;MERCREDI;36;20;13;31;38;1
28/12/2020;LUNDI   ;41;34;42;22;1;5
26/12/2020;SAMEDI  ;31;3;40;35;2;7
23/12/2020;MERCREDI;5;3;39;31;38;9
21/12/2020;LUNDI   ;10;31;36;37;44;5
19/12/2020;SAMEDI  ;30;29;49;23;10;5
16/12/2020;MERCREDI;21;6;41;17;16;9
14/12/2020;LUNDI   ;47;48;13;34;2;6
12/12/2020;SAMEDI  ;14;31;9;45;23;6
09/12/2020;MERCREDI;47;17;48;39;24;7
07/12/2020;LUNDI   ;45;27;48;4;38;4
05/12/2020;SAMEDI  ;34;20;14;35;9;1
02/12/2020;MERCREDI;23;14;40;46;27;1
30/11/2020;LUNDI   ;28;9;26;29;18;3
28/11/2020;SAMEDI  ;9;25;2;47;35;10
25/11/2020;MERCREDI;1;26;14;31;10;4
23/11/2020;LUNDI   ;15;20;12;6;1;1
21/11/2020;SAMEDI  ;49;17;44;5;46;4
18/11/2020;MERCREDI;28;11;14;43;41;8
16/11/2020;LUNDI   ;7;47;16;33;42;7
14/11/2020;SAMEDI  ;40;26;17;24;43;9
11/11/2020;MERCREDI;15;17;10;37;16;9
09/11/2020;LUNDI   ;26;18;41;38;5;10
07/11/2020;SAMEDI  ;45;5;48;42;30;9
04/11/2020;MERCREDI;29;10;16;14;9;1
02/11/2020;LUNDI   ;42;43;38;33;31;3
31/10/2020;SAMEDI  ;22;35;9;28;13;5
28/10/2020;MERCREDI;25;43;30;2;19;9
26/10/2020;LUNDI   ;33;7;8;12;22;5
24/10/2020;SAMEDI  ;8;25;4;12;45;2
21/10/2020;MERCREDI;35;48;33;21;15;1
19/10/2020;LUNDI   ;7;35;48;28;25;1
17/10/2020;SAMEDI  ;28;23;24;9;20;4
14/10/2020;MERCREDI;19;42;32;26;39;6
12/10/2020;LUNDI   ;18;7;21;42;11;3
10/10/2020;SAMEDI  ;48;26;31;47;42;8
07/10/2020;MERCREDI;17;30;6;49;19;2
05/10/2020;LUNDI   ;6;22;19;5;9;5
03/10/2020;SAMEDI  ;31;36;9;33;18;2
30/09/2020;MERCREDI;26;24;49;32;2;5
28/09/2020;LUNDI   ;33;22;44;6;35;2
26/09/2020;SAMEDI  ;4;31;49;8;39;9
23/09/2020;MERCREDI;11;5;25;23;33;5
21/09/2020;LUNDI   ;46;41;38;19;16;9
19/09/2020;SAMEDI  ;33;42;27;46;32;7
16/09/2020;MERCREDI;28;19;49;23;17;7
14/09/2020;LUNDI   ;23;49;5;13;32;2
12/09/2020;SAMEDI  ;16;46;12;21;24;2
09/09/2020;MERCREDI;24;48;20;29;45;3
07/09/2020;LUNDI   ;37;35;31;44;14;7
05/09/2020;SAMEDI  ;22;15;19;24;46;3
02/09/2020;MERCREDI;14;23;21;47;3;3
31/08/2020;LUNDI   ;7;16;17;4;11;10
29/08/2020;SAMEDI  ;23;15;38;21;39;4
26/08/2020;MERCREDI;13;45;4;40;31;3
24/08/2020;LUNDI   ;28;18;22;37;19;2
22/08/2020;SAMEDI  ;7;11;5;32;33;5
19/08/2020;MERCREDI;35;11;13;4;34;1
17/08/2020;LUNDI   ;6;1;39;48;40;6
15/08/2020;SAMEDI  ;5;41;3;42;15;7
12/08/2020;MERCREDI;17;47;30;3;44;3
10/08/2020;LUNDI   ;28;38;2;1;11;6
08/08/2020;SAMEDI  ;35;42;49;4;6;9
05/08/2020;MERCREDI;46;32;22;15;17;8
03/08/2020;LUNDI   ;43;48;42;23;30;7
01/08/2020;SAMEDI  ;17;18;25;38;9;9
29/07/2020;MERCREDI;47;46;7;19;39;5
27/07/2020;LUNDI   ;19;24;45;15;25;3
25/07/2020;SAMEDI  ;18;10;6;15;48;4
22/07/2020;MERCREDI;4;28;38;20;18;1
20/07/2020;LUNDI   ;8;42;22;28;26;2
18/07/2020;SAMEDI  ;11;42;22;34;43;4
15/07/2020;MERCREDI;6;12;4;35;44;3
13/07/2020;LUNDI   ;24;3;35;46;2;8
11/07/2020;SAMEDI  ;32;6;35;28;40;7
08/07/2020;MERCREDI;30;48;37;9;26;8
06/07/2020;LUNDI   ;2;11;42;30;35;6
04/07/2020;SAMEDI  ;23;13;27;44;36;6
01/07/2020;MERCREDI;44;47;5;13;14;8
29/06/2020;LUNDI   ;21;29;20;47;46;7
27/06/2020;SAMEDI  ;1;39;2;6;27;4
24/06/2020;MERCREDI;36;8;31;34;17;7
22/06/2020;LUNDI   ;9;36;5;21;39;5
20/06/2020;SAMEDI  ;8;24;33;38;14;5
17/06/2020;MERCREDI;26;13;10;20;46;1
15/06/2020;LUNDI   ;22;49;26;2;47;2
13/06/2020;SAMEDI  ;25;32;6;5;28;4
10/06/2020;MERCREDI;47;36;20;11;9;2
08/06/2020;LUNDI   ;8;22;26;46;2;1
06/06/2020;SAMEDI  ;14;7;43;44;29;5
03/06/2020;MERCREDI;12;13;26;44;16;6
01/06/2020;LUNDI   ;24;26;2;36;32;7
30/05/2020;SAMEDI  ;5;14;42;44;16;9
27/05/2020;MERCREDI;29;6;12;44;31;6
25/05/2020;LUNDI   ;9;26;30;42;36;4
23/05/2020;SAMEDI  ;22;28;3;23;29;2
20/05/2020;MERCREDI;45;14;39;20;47;8
18/05/2020;LUNDI   ;20;30;35;14;10;9
16/05/2020;SAMEDI  ;26;27;41;46;19;4
13/05/2020;MERCREDI;43;4;17;38;49;8
11/05/2020;LUNDI   ;34;5;33;3;17;10
09/05/2020;SAMEDI  ;48;39;29;47;35;7
06/05/2020;MERCREDI;48;36;14;15;10;3
04/05/2020;LUNDI   ;39;8;9;33;15;10
02/05/2020;SAMEDI  ;43;22;12;30;9;4
29/04/2020;MERCREDI;25;29;47;5;7;1
27/04/2020;LUNDI   ;41;11;19;29;14;9
25/04/2020;SAMEDI  ;49;6;24;13;10;3
22/04/2020;MERCREDI;28;30;43;40;41;7
20/04/2020;LUNDI   ;37;5;9;7;41;6
18/04/2020;SAMEDI  ;45;1;33;47;27;8
15/04/2020;MERCREDI;16;1;31;48;3;6
13/04/2020;LUNDI   ;42;1;19;23;17;9
11/04/2020;SAMEDI  ;8;43;1;48;41;7
08/04/2020;MERCREDI;16;9;19;26;6;9
06/04/2020;LUNDI   ;23;29;18;35;7;4
04/04/2020;SAMEDI  ;40;2;35;39;42;9
01/04/2020;MERCREDI;41;48;42;28;3;6
30/03/2020;LUNDI   ;21;37;12;17;23;7
28/03/2020;SAMEDI  ;35;23;26;32;22;5
25/03/2020;MERCREDI;40;45;24;32;34;1
23/03/2020;LUNDI   ;28;49;5;48;21;2
21/03/2020;SAMEDI  ;16;37;8;7;42;8
18/03/2020;MERCREDI;48;10;46;28;29;9
16/03/2020;LUNDI   ;44;16;4;40;23;3
14/03/2020;SAMEDI  ;28;41;38;31;43;10
11/03/2020;MERCREDI;38;45;5;14;46;1
09/03/2020;LUNDI   ;26;41;5;33;42;7
07/03/2020;SAMEDI  ;5;35;37;4;24;2
04/03/2020;MERCREDI;10;17;33;30;49;4
02/03/2020;LUNDI   ;42;26;21;39;40;5
29/02/2020;SAMEDI  ;37;24;19;10;5;6
26/02/2020;MERCREDI;20;6;30;32;45;4
24/02/2020;LUNDI   ;20;15;27;9;47;7
22/02/2020;SAMEDI  ;4;39;26;5;24;4
19/02/2020;MERCREDI;40;16;21;41;46;2
17/02/2020;LUNDI   ;44;39;7;41;19;1
15/02/2020;SAMEDI  ;48;4;25;5;45;7
12/02/2020;MERCREDI;47;38;17;30;43;5
10/02/2020;LUNDI   ;15;49;37;25;38;8
08/02/2020;SAMEDI  ;47;31;12;45;7;10
05/02/2020;MERCREDI;30;21;6;11;29;4
03/02/2020;LUNDI   ;49;20;7;31;33;4
01/02/2020;SAMEDI  ;36;25;22;21;16;9
29/01/2020;MERCREDI;31;30;6;14;45;8
27/01/2020;LUNDI   ;27;12;10;7;41;1
25/01/2020;SAMEDI  ;36;17;30;7;11;5
22/01/2020;MERCREDI;25;28;42;26;12;10
20/01/2020;LUNDI   ;13;38;31;30;26;1
18/01/2020;SAMEDI  ;12;1;33;13;2;9
15/01/2020;MERCREDI;35;19;8;22;46;2
13/01/2020;LUNDI   ;16;11;25;32;14;9
11/01/2020;SAMEDI  ;48;14;2;23;13;3
08/01/2020;MERCREDI;17;44;29;16;37;8
06/01/2020;LUNDI   ;49;10;19;26;30;3
04/01/2020;SAMEDI  ;22;9;43;31;34;5
01/01/2020;MERCREDI;11;7;32;24;4;10
30/12/2019;LUNDI   ;12;38;34;32;48;6
28/12/2019;SAMEDI  ;24;48;49;18;8;8
25/12/2019;MERCREDI;36;40;45;24;15;9
23/12/2019;LUNDI   ;37;36;32;20;7;2
21/12/2019;SAMEDI  ;48;23;27;19;22;2
18/12/2019;MERCREDI;23;6;17;5;7;9
16/12/2019;LUNDI   ;38;26;39;35;10;6
14/12/2019;SAMEDI  ;3;48;17;4;38;9
11/12/2019;MERCREDI;25;33;48;1;40;8
09/12/2019;LUNDI   ;1;34;15;24;25;8
07/12/2019;SAMEDI  ;40;29;44;38;10;8
04/12/2019;MERCREDI;8;30;26;35;40;2
02/12/2019;LUNDI   ;39;28;14;11;42;9
30/11/2019;SAMEDI  ;7;25;17;48;16;3
27/11/2019;MERCREDI;44;2;15;29;18;4
25/11/2019;LUNDI   ;44;41;35;33;38;8
23/11/2019;SAMEDI  ;4;27;28;9;22;4
20/11/2019;MERCREDI;22;23;7;30;37;3
18/11/2019;LUNDI   ;31;44;6;15;12;7
16/11/2019;SAMEDI  ;10;49;30;12;29;9
13/11/2019;MERCREDI;22;13;10;35;19;1
11/11/2019;LUNDI   ;28;14;27;13;25;5
09/11/2019;SAMEDI  ;26;24;6;18;29;3
06/11/2019;MERCREDI;43;27;23;44;42;10
25/12/2024;MERCREDI;10;13;25;32;34;
23/12/2024;LUNDI;8;10;15;24;35;
21/12/2024;SAMEDI;6;16;17;42;47;
18/12/2024;MERCREDI;9;26;31;33;40;
16/12/2024;LUNDI;2;27;28;41;43;
14/12/2024;SAMEDI;9;18;22;39;41;
11/12/2024;MERCREDI;18;19;29;31;39;
09/12/2024;LUNDI;7;16;34;35;40;
07/12/2024;SAMEDI;2;14;32;35;41;
04/12/2024;MERCREDI;3;5;15;38;40;
02/12/2024;LUNDI;2;18;21;22;43;
30/11/2024;SAMEDI;1;22;35;38;41;
27/11/2024;MERCREDI;9;23;31;33;38;
25/11/2024;LUNDI;1;2;14;30;42;
23/11/2024;SAMEDI;20;25;27;39;46;
20/11/2024;MERCREDI;4;9;15;27;42;
18/11/2024;LUNDI;11;18;30;31;32;
16/11/2024;SAMEDI;18;20;26;27;43;
13/11/2024;MERCREDI;7;30;37;38;48;
11/11/2024;LUNDI;1;7;18;27;31;
09/11/2024;SAMEDI;5;23;31;33;34;
06/11/2024;MERCREDI;5;21;30;46;47;
04/11/2024;LUNDI;14;21;30;32;45;
02/11/2024;SAMEDI;14;15;24;32;33;
30/10/2024;MERCREDI;7;21;23;29;35;
28/10/2024;LUNDI;16;20;26;34;40;
26/10/2024;SAMEDI;3;6;8;30;35;
23/10/2024;MERCREDI;17;24;27;35;45;
21/10/2024;LUNDI;4;5;21;28;34;
19/10/2024;SAMEDI;3;19;24;30;33;
16/10/2024;MERCREDI;7;18;35;37;42;
14/10/2024;LUNDI;3;36;40;44;48;
12/10/2024;SAMEDI;1;8;31;32;42;
09/10/2024;MERCREDI;16;17;22;30;45;
07/10/2024;LUNDI;9;18;22;37;49;
05/10/2024;SAMEDI;2;11;34;39;48;
02/10/2024;MERCREDI;1;3;8;36;44;
30/09/2024;LUNDI;3;9;18;24;38;
28/09/2024;SAMEDI;4;19;39;40;48;
25/09/2024;MERCREDI;3;6;7;21;46;
23/09/2024;LUNDI;3;9;21;25;40;
21/09/2024;SAMEDI;10;15;17;26;39;
18/09/2024;MERCREDI;1;11;21;22;27;
16/09/2024;LUNDI;9;21;26;40;41;
14/09/2024;SAMEDI;11;21;25;35;41;
11/09/2024;MERCREDI;4;24;40;43;46;
09/09/2024;LUNDI;3;28;33;35;43;
07/09/2024;SAMEDI;4;7;19;35;44;
04/09/2024;MERCREDI;6;11;22;42;49;
02/09/2024;LUNDI;8;16;41;42;45;
31/08/2024;SAMEDI;3;6;9;25;37;
28/08/2024;MERCREDI;8;23;28;37;49;
26/08/2024;LUNDI;3;25;27;32;40;
24/08/2024;SAMEDI;1;7;8;11;40;
21/08/2024;MERCREDI;1;7;10;15;38;
19/08/2024;LUNDI;5;10;21;22;41;
17/08/2024;SAMEDI;14;22;27;47;49;
14/08/2024;MERCREDI;2;25;32;40;42;
12/08/2024;LUNDI;17;21;27;40;41;
10/08/2024;SAMEDI;13;15;23;36;46;
07/08/2024;MERCREDI;26;27;40;41;42;
05/08/2024;LUNDI;3;35;37;41;45;
03/08/2024;SAMEDI;16;18;22;24;39;
31/07/2024;MERCREDI;12;21;41;43;49;
29/07/2024;LUNDI;8;10;25;29;39;
27/07/2024;SAMEDI;3;26;38;45;48;
24/07/2024;MERCREDI;13;15;19;43;45;
22/07/2024;LUNDI;2;10;32;33;38;
20/07/2024;SAMEDI;1;3;6;31;43;
17/07/2024;MERCREDI;10;12;28;41;48;
15/07/2024;LUNDI;11;12;29;39;46;
13/07/2024;SAMEDI;11;14;16;33;39;
10/07/2024;MERCREDI;9;12;19;40;49;
08/07/2024;LUNDI;3;16;20;42;43;
06/07/2024;SAMEDI;16;19;25;26;28;
03/07/2024;MERCREDI;3;17;20;25;46;
01/07/2024;LUNDI;15;27;32;40;42;
29/06/2024;SAMEDI;6;13;18;37;48;
26/06/2024;MERCREDI;18;20;23;46;49;
24/06/2024;LUNDI;26;30;35;41;46;
22/06/2024;SAMEDI;9;11;14;24;43;
19/06/2024;MERCREDI;17;19;27;28;29;
17/06/2024;LUNDI;6;8;31;36;42;
15/06/2024;SAMEDI;5;9;20;29;42;
12/06/2024;MERCREDI;3;29;30;32;40;
10/06/2024;LUNDI;1;4;5;9;10;
08/06/2024;SAMEDI;1;19;35;44;47;
05/06/2024;MERCREDI;5;22;25;36;40;
03/06/2024;LUNDI;6;11;13;15;17;
01/06/2024;SAMEDI;4;6;11;20;38;
29/05/2024;MERCREDI;9;13;26;31;40;
27/05/2024;LUNDI;2;15;16;17;39;
25/05/2024;SAMEDI;16;19;27;37;39;
22/05/2024;MERCREDI;3;18;21;36;46;
20/05/2024;LUNDI;3;4;21;32;35;
18/05/2024;SAMEDI;15;19;22;29;47;
15/05/2024;MERCREDI;1;18;40;41;46;
13/05/2024;LUNDI;15;21;31;32;47;
11/05/2024;SAMEDI;4;8;9;16;36;
08/05/2024;MERCREDI;6;25;36;38;48;
06/05/2024;LUNDI;3;6;18;41;45;
04/05/2024;SAMEDI;1;26;31;32;39;
01/05/2024;MERCREDI;22;29;34;38;47;
29/04/2024;LUNDI;2;25;31;32;41;
27/04/2024;SAMEDI;1;6;7;26;46;
24/04/2024;MERCREDI;1;16;17;25;45;
22/04/2024;LUNDI;2;13;16;21;49;
20/04/2024;SAMEDI;5;15;17;33;44;
17/04/2024;MERCREDI;4;13;19;24;34;
15/04/2024;LUNDI;6;7;36;37;40;
13/04/2024;SAMEDI;5;9;25;32;47;
10/04/2024;MERCREDI;4;30;31;32;46;
08/04/2024;LUNDI;2;9;12;44;46;
06/04/2024;SAMEDI;1;10;12;17;23;
03/04/2024;MERCREDI;2;11;28;33;45;
01/04/2024;LUNDI;2;16;30;36;46;
30/03/2024;SAMEDI;12;21;29;31;44;
27/03/2024;MERCREDI;5;6;11;20;48;
25/03/2024;LUNDI;5;24;31;37;39;
23/03/2024;SAMEDI;2;16;17;26;28;
20/03/2024;MERCREDI;4;12;21;37;41;
18/03/2024;LUNDI;13;15;31;35;46;
16/03/2024;SAMEDI;5;15;18;34;45;
13/03/2024;MERCREDI;5;15;20;35;44;
11/03/2024;LUNDI;5;7;8;16;37;
09/03/2024;SAMEDI;17;27;38;48;49;
06/03/2024;MERCREDI;3;35;37;43;47;
04/03/2024;LUNDI;9;11;22;26;46;
02/03/2024;SAMEDI;7;11;13;32;38;
28/02/2024;MERCREDI;8;24;29;33;39;
26/02/2024;LUNDI;7;13;16;25;31;
24/02/2024;SAMEDI;1;7;12;42;45;
21/02/2024;MERCREDI;8;18;27;30;34;
19/02/2024;LUNDI;7;15;16;34;39;
17/02/2024;SAMEDI;1;5;19;27;46;
14/02/2024;MERCREDI;18;32;36;47;48;
12/02/2024;LUNDI;9;11;35;45;46;
10/02/2024;SAMEDI;12;19;37;38;46;
07/02/2024;MERCREDI;12;20;23;29;46;
05/02/2024;LUNDI;6;15;19;37;47;
03/02/2024;SAMEDI;9;11;24;30;33;
31/01/2024;MERCREDI;8;10;29;30;32;
29/01/2024;LUNDI;5;7;24;28;49;
27/01/2024;SAMEDI;11;24;29;30;33;
24/01/2024;MERCREDI;19;23;25;46;47;
22/01/2024;LUNDI;2;9;10;21;31;
20/01/2024;SAMEDI;11;23;24;25;32;
17/01/2024;MERCREDI;13;23;33;37;42;
15/01/2024;LUNDI;2;3;16;24;44;
13/01/2024;SAMEDI;7;27;29;42;43;
10/01/2024;MERCREDI;9;32;43;44;46;
08/01/2024;LUNDI;11;15;19;24;32;
06/01/2024;SAMEDI;5;20;30;33;41;
03/01/2024;MERCREDI;18;22;34;36;42;
01/01/2024;LUNDI;1;33;34;35;47;
30/12/2023;SAMEDI;6;17;24;28;31;
27/12/2023;MERCREDI;1;26;35;39;43;
25/12/2023;LUNDI;1;17;25;31;32;
23/12/2023;SAMEDI;9;23;30;33;37;
20/12/2023;MERCREDI;2;9;26;45;47;
18/12/2023;LUNDI;2;17;31;35;39;
16/12/2023;SAMEDI;5;16;17;37;42;
13/12/2023;MERCREDI;5;8;26;40;48;
11/12/2023;LUNDI;13;15;21;23;47;
09/12/2023;SAMEDI;11;13;15;20;36;
06/12/2023;MERCREDI;22;28;33;40;43;
04/12/2023;LUNDI;8;29;37;46;48;
02/12/2023;SAMEDI;2;11;15;20;29;
29/11/2023;MERCREDI;2;6;7;28;34;
27/11/2023;LUNDI;6;7;8;26;40;
25/11/2023;SAMEDI;7;10;41;42;43;
22/11/2023;MERCREDI;1;15;19;23;24;
20/11/2023;LUNDI;8;28;40;41;47;
18/11/2023;SAMEDI;14;33;35;36;48;
15/11/2023;MERCREDI;16;27;36;38;47;
13/11/2023;LUNDI;12;15;32;36;48;
11/11/2023;SAMEDI;17;27;32;36;41;
08/11/2023;MERCREDI;2;18;26;30;33;
06/11/2023;LUNDI;2;4;40;45;46;
04/11/2023;SAMEDI;13;16;22;29;47;
01/11/2023;MERCREDI;8;14;24;32;39;
30/10/2023;LUNDI;8;15;19;25;44;
28/10/2023;SAMEDI;20;25;29;34;46;
25/10/2023;MERCREDI;13;33;35;40;48;
23/10/2023;LUNDI;1;6;7;40;43;
21/10/2023;SAMEDI;3;17;19;44;46;
18/10/2023;MERCREDI;6;16;28;29;33;
16/10/2023;LUNDI;8;32;34;36;43;
14/10/2023;SAMEDI;15;20;24;35;40;
11/10/2023;MERCREDI;8;25;36;37;47;
09/10/2023;LUNDI;5;7;19;20;25;
07/10/2023;SAMEDI;9;11;17;39;40;
04/10/2023;MERCREDI;3;16;19;22;34;
02/10/2023;LUNDI;10;16;20;29;48;
30/09/2023;SAMEDI;1;13;16;19;25;
27/09/2023;MERCREDI;16;17;30;38;45;
25/09/2023;LUNDI;2;9;30;34;47;
23/09/2023;SAMEDI;2;12;27;41;46;
20/09/2023;MERCREDI;18;21;28;41;45;
18/09/2023;LUNDI;2;19;20;28;38;
16/09/2023;SAMEDI;3;8;27;48;49;
13/09/2023;MERCREDI;14;23;39;44;45;
11/09/2023;LUNDI;3;10;16;35;42;
09/09/2023;SAMEDI;6;15;24;28;33;
06/09/2023;MERCREDI;11;24;25;26;30;
04/09/2023;LUNDI;1;11;29;30;48;
02/09/2023;SAMEDI;2;10;11;33;47;
30/08/2023;MERCREDI;22;23;24;31;40;
28/08/2023;LUNDI;2;8;20;36;38;
26/08/2023;SAMEDI;10;13;19;39;43;
23/08/2023;MERCREDI;3;5;7;22;40;
21/08/2023;LUNDI;3;6;12;40;43;
19/08/2023;SAMEDI;7;33;34;44;49;
16/08/2023;MERCREDI;11;20;31;41;42;
14/08/2023;LUNDI;16;19;21;32;37;
12/08/2023;SAMEDI;7;10;21;29;47;
09/08/2023;MERCREDI;10;14;27;33;35;
07/08/2023;LUNDI;13;16;17;37;45;
05/08/2023;SAMEDI;9;11;16;37;42;
02/08/2023;MERCREDI;4;10;18;20;45;
31/07/2023;LUNDI;21;27;33;40;44;
29/07/2023;SAMEDI;2;3;9;24;49;
26/07/2023;MERCREDI;1;14;26;28;49;
24/07/2023;LUNDI;22;25;28;44;49;
22/07/2023;SAMEDI;1;5;7;25;26;
19/07/2023;MERCREDI;10;21;36;40;46;
17/07/2023;LUNDI;25;26;28;31;45;
15/07/2023;SAMEDI;9;10;16;29;41;
12/07/2023;MERCREDI;19;20;28;30;47;
10/07/2023;LUNDI;2;19;28;39;45;
08/07/2023;SAMEDI;17;19;33;39;41;
05/07/2023;MERCREDI;18;21;32;41;47;
03/07/2023;LUNDI;4;11;22;27;43;
01/07/2023;SAMEDI;8;13;27;36;48;
28/06/2023;MERCREDI;6;22;28;41;48;
26/06/2023;LUNDI;3;12;22;36;48;
24/06/2023;SAMEDI;10;34;36;47;48;
21/06/2023;MERCREDI;8;16;19;20;45;
19/06/2023;LUNDI;3;8;18;28;34;
17/06/2023;SAMEDI;20;27;37;38;48;
14/06/2023;MERCREDI;6;10;14;23;31;
12/06/2023;LUNDI;6;10;20;42;47;
10/06/2023;SAMEDI;14;20;27;35;43;
07/06/2023;MERCREDI;1;3;6;10;44;
05/06/2023;LUNDI;7;11;18;31;44;
03/06/2023;SAMEDI;9;18;24;28;48;
31/05/2023;MERCREDI;5;8;20;27;28;
29/05/2023;LUNDI;4;5;24;34;43;
27/05/2023;SAMEDI;7;34;37;43;49;
24/05/2023;MERCREDI;22;31;32;35;36;
22/05/2023;LUNDI;3;16;22;44;46;
20/05/2023;SAMEDI;19;20;33;35;48;
17/05/2023;MERCREDI;7;14;16;38;47;
15/05/2023;LUNDI;13;24;27;29;38;
13/05/2023;SAMEDI;6;7;26;32;44;
10/05/2023;MERCREDI;11;13;18;25;47;
08/05/2023;LUNDI;12;22;25;28;49;
06/05/2023;SAMEDI;4;11;13;23;28;
03/05/2023;MERCREDI;16;29;32;37;44;
01/05/2023;LUNDI;7;17;18;30;42;
29/04/2023;SAMEDI;2;4;11;19;47;
26/04/2023;MERCREDI;14;17;24;46;49;
24/04/2023;LUNDI;9;11;22;24;29;
22/04/2023;SAMEDI;12;17;29;34;49;
19/04/2023;MERCREDI;2;12;33;34;44;
17/04/2023;LUNDI;16;19;24;32;35;
15/04/2023;SAMEDI;9;14;16;30;42;
12/04/2023;MERCREDI;3;4;16;23;31;
10/04/2023;LUNDI;26;33;36;39;48;
08/04/2023;SAMEDI;5;16;20;32;46;
05/04/2023;MERCREDI;6;13;23;31;34;
03/04/2023;LUNDI;2;4;15;23;29;
01/04/2023;SAMEDI;2;13;21;30;44;
29/03/2023;MERCREDI;5;8;16;26;29;
27/03/2023;LUNDI;3;8;13;35;36;
25/03/2023;SAMEDI;6;15;25;27;48;
22/03/2023;MERCREDI;8;10;14;19;44;
20/03/2023;LUNDI;7;22;26;35;44;
18/03/2023;SAMEDI;6;22;28;32;46;
15/03/2023;MERCREDI;12;16;21;25;34;
13/03/2023;LUNDI;7;30;32;34;35;
11/03/2023;SAMEDI;2;9;16;47;49;
08/03/2023;MERCREDI;4;10;16;19;37;
06/03/2023;LUNDI;16;24;29;33;45;
04/03/2023;SAMEDI;1;12;15;19;23;
01/03/2023;MERCREDI;14;22;25;29;33;
27/02/2023;LUNDI;4;31;33;36;37;
25/02/2023;SAMEDI;19;21;27;32;41;
22/02/2023;MERCREDI;10;19;20;23;43;
20/02/2023;LUNDI;6;13;18;29;34;
18/02/2023;SAMEDI;24;27;28;40;42;
15/02/2023;MERCREDI;1;10;20;24;49;
13/02/2023;LUNDI;3;4;5;13;22;
11/02/2023;SAMEDI;3;25;28;40;45;
08/02/2023;MERCREDI;29;30;36;41;45;
06/02/2023;LUNDI;4;19;24;40;47;
04/02/2023;SAMEDI;11;13;28;36;38;
01/02/2023;MERCREDI;1;5;13;16;34;
30/01/2023;LUNDI;14;23;28;35;42;
28/01/2023;SAMEDI;14;16;27;37;40;
25/01/2023;MERCREDI;9;13;19;33;39;
23/01/2023;LUNDI;6;8;19;27;39;
21/01/2023;SAMEDI;13;17;22;28;49;
18/01/2023;MERCREDI;12;18;44;45;48;
16/01/2023;LUNDI;18;19;25;42;48;
14/01/2023;SAMEDI;13;19;20;26;42;
11/01/2023;MERCREDI;6;9;11;47;48;
09/01/2023;LUNDI;6;14;26;41;44;
07/01/2023;SAMEDI;14;17;21;37;41;
04/01/2023;MERCREDI;7;13;15;24;38;
02/01/2023;LUNDI;7;17;22;23;38;
31/12/2022;SAMEDI;4;12;20;24;47;
28/12/2022;MERCREDI;9;13;35;39;41;
26/12/2022;LUNDI;14;17;23;41;42;
24/12/2022;SAMEDI;24;27;30;36;37;
21/12/2022;MERCREDI;12;18;41;42;45;
19/12/2022;LUNDI;5;10;14;26;30;
17/12/2022;SAMEDI;1;11;30;31;49;
14/12/2022;MERCREDI;17;30;31;37;41;
12/12/2022;LUNDI;3;12;13;23;34;
10/12/2022;SAMEDI;4;16;26;33;48;
07/12/2022;MERCREDI;4;7;11;38;44;
05/12/2022;LUNDI;1;4;6;12;42;
03/12/2022;SAMEDI;16;22;24;26;47;
30/11/2022;MERCREDI;24;37;44;46;48;
28/11/2022;LUNDI;6;21;30;35;47;
26/11/2022;SAMEDI;1;26;39;43;49;
23/11/2022;MERCREDI;1;3;26;31;35;
21/11/2022;LUNDI;9;18;35;39;41;
19/11/2022;SAMEDI;17;23;28;38;44;
16/11/2022;MERCREDI;19;30;32;41;45;
14/11/2022;LUNDI;20;28;38;41;47;
12/11/2022;SAMEDI;1;20;24;33;46;
09/11/2022;MERCREDI;2;3;7;19;45;
07/11/2022;LUNDI;25;26;41;43;49;
05/11/2022;SAMEDI;9;13;14;29;35;
02/11/2022;MERCREDI;11;12;23;24;47;
31/10/2022;LUNDI;1;3;17;18;19;
29/10/2022;SAMEDI;5;8;13;15;43;
26/10/2022;MERCREDI;2;10;29;30;31;
24/10/2022;LUNDI;1;8;17;24;42;
22/10/2022;SAMEDI;19;20;26;34;43;
19/10/2022;MERCREDI;5;9;21;33;36;
17/10/2022;LUNDI;29;35;40;45;49;
15/10/2022;SAMEDI;23;33;34;40;49;
12/10/2022;MERCREDI;6;7;24;35;46;
10/10/2022;LUNDI;23;24;26;44;49;
08/10/2022;SAMEDI;11;17;24;30;37;
05/10/2022;MERCREDI;9;20;24;41;42;
03/10/2022;LUNDI;6;25;33;41;48;
01/10/2022;SAMEDI;20;27;39;45;46;
28/09/2022;MERCREDI;10;11;26;42;46;
26/09/2022;LUNDI;1;7;43;47;48;
24/09/2022;SAMEDI;5;14;15;38;43;
21/09/2022;MERCREDI;5;16;37;39;48;
19/09/2022;LUNDI;8;17;22;36;38;
17/09/2022;SAMEDI;14;18;19;39;48;
14/09/2022;MERCREDI;2;12;18;25;36;
12/09/2022;LUNDI;1;2;14;23;25;
10/09/2022;SAMEDI;3;4;23;32;41;
07/09/2022;MERCREDI;1;21;24;25;34;
05/09/2022;LUNDI;2;8;18;31;44;
03/09/2022;SAMEDI;5;6;24;33;44;
31/08/2022;MERCREDI;8;12;16;24;33;
29/08/2022;LUNDI;6;7;12;35;36;
27/08/2022;SAMEDI;11;15;32;37;49;
24/08/2022;MERCREDI;1;4;10;26;33;
22/08/2022;LUNDI;1;4;10;21;25;
20/08/2022;SAMEDI;3;20;28;44;46;
17/08/2022;MERCREDI;13;31;34;42;43;
15/08/2022;LUNDI;18;19;25;43;47;
13/08/2022;SAMEDI;28;34;36;38;41;
10/08/2022;MERCREDI;11;16;32;40;41;
08/08/2022;LUNDI;8;10;16;26;35;
06/08/2022;SAMEDI;2;21;29;38;44;
03/08/2022;MERCREDI;10;14;23;28;31;
01/08/2022;LUNDI;15;24;36;45;47;
30/07/2022;SAMEDI;5;12;17;22;23;
27/07/2022;MERCREDI;21;25;28;33;41;
25/07/2022;LUNDI;4;5;19;43;48;
23/07/2022;SAMEDI;3;23;37;43;44;
20/07/2022;MERCREDI;24;34;35;46;47;
18/07/2022;LUNDI;22;29;30;42;45;
16/07/2022;SAMEDI;9;13;19;45;48;
13/07/2022;MERCREDI;4;9;21;31;33;
11/07/2022;LUNDI;10;12;22;25;36;
09/07/2022;SAMEDI;4;5;8;33;38;
06/07/2022;MERCREDI;7;12;15;23;38;
04/07/2022;LUNDI;3;13;32;37;44;
02/07/2022;SAMEDI  ;6;14;38;41;42;
29/06/2022;MERCREDI;3;10;25;37;44;
27/06/2022;LUNDI   ;8;13;14;30;46;
25/06/2022;SAMEDI  ;2;4;19;31;45;
22/06/2022;MERCREDI;11;18;22;35;43;
20/06/2022;LUNDI   ;16;23;37;41;45;
18/06/2022;SAMEDI  ;9;26;30;31;38;
15/06/2022;MERCREDI;1;23;30;32;47;
13/06/2022;LUNDI   ;7;22;31;37;44;
11/06/2022;SAMEDI  ;6;12;24;26;36;
08/06/2022;MERCREDI;17;30;46;47;49;
06/06/2022;LUNDI   ;1;4;16;18;49;
04/06/2022;SAMEDI  ;13;37;42;43;44;
01/06/2022;MERCREDI;3;5;6;14;24;
30/05/2022;LUNDI   ;9;19;29;31;38;
28/05/2022;SAMEDI  ;1;8;11;36;44;
25/05/2022;MERCREDI;8;9;24;31;39;
23/05/2022;LUNDI   ;5;13;18;43;49;
21/05/2022;SAMEDI  ;13;29;32;44;45;
18/05/2022;MERCREDI;3;6;19;27;45;
16/05/2022;LUNDI   ;4;13;24;27;29;
14/05/2022;SAMEDI  ;30;33;46;48;49;
11/05/2022;MERCREDI;7;23;27;32;39;
09/05/2022;LUNDI   ;20;25;29;42;48;
07/05/2022;SAMEDI  ;12;18;19;24;42;
04/05/2022;MERCREDI;10;13;30;31;40;
02/05/2022;LUNDI   ;2;3;13;23;49;
30/04/2022;SAMEDI  ;8;13;20;31;35;
27/04/2022;MERCREDI;13;18;27;30;40;
25/04/2022;LUNDI   ;2;22;43;45;47;
23/04/2022;SAMEDI  ;3;35;39;43;44;
20/04/2022;MERCREDI;14;19;39;43;44;
18/04/2022;LUNDI   ;5;24;27;30;45;
16/04/2022;SAMEDI  ;1;19;20;44;45;
13/04/2022;MERCREDI;2;9;11;12;24;
11/04/2022;LUNDI   ;8;13;15;29;41;
09/04/2022;SAMEDI  ;10;18;24;28;38;
06/04/2022;MERCREDI;15;24;36;41;49;
04/04/2022;LUNDI   ;3;18;27;39;44;
02/04/2022;SAMEDI  ;1;2;19;25;26;
30/03/2022;MERCREDI;4;5;17;30;37;
28/03/2022;LUNDI   ;3;8;24;33;38;
26/03/2022;SAMEDI  ;20;25;33;42;45;
23/03/2022;MERCREDI;21;22;27;29;32;
21/03/2022;LUNDI   ;14;30;36;39;40;
19/03/2022;SAMEDI  ;2;8;19;21;30;
16/03/2022;MERCREDI;7;24;33;34;36;
14/03/2022;LUNDI   ;21;22;27;28;29;
12/03/2022;SAMEDI  ;5;14;16;22;23;
09/03/2022;MERCREDI;7;12;20;22;37;
07/03/2022;LUNDI   ;7;16;27;30;43;
05/03/2022;SAMEDI  ;13;25;30;33;49;
02/03/2022;MERCREDI;3;25;30;35;47;
28/02/2022;LUNDI   ;3;4;12;32;36;
26/02/2022;SAMEDI  ;27;29;32;42;46;
23/02/2022;MERCREDI;5;26;29;30;34;
21/02/2022;LUNDI   ;4;7;15;18;42;
19/02/2022;SAMEDI  ;7;17;20;36;44;
16/02/2022;MERCREDI;10;17;19;46;48;
14/02/2022;LUNDI   ;3;15;45;47;48;
12/02/2022;SAMEDI  ;17;22;41;46;49;
09/02/2022;MERCREDI;8;16;19;22;32;
07/02/2022;LUNDI   ;4;28;35;36;37;
05/02/2022;SAMEDI  ;12;19;39;42;48;
02/02/2022;MERCREDI;5;15;26;29;44;
31/01/2022;LUNDI   ;5;32;35;40;44;
29/01/2022;SAMEDI  ;2;13;14;20;41;
26/01/2022;MERCREDI;1;6;25;28;45;
24/01/2022;LUNDI   ;13;14;24;31;42;
22/01/2022;SAMEDI  ;6;7;11;23;37;
19/01/2022;MERCREDI;11;14;23;32;44;
17/01/2022;LUNDI   ;8;16;29;33;40;
15/01/2022;SAMEDI  ;2;8;16;22;44;
12/01/2022;MERCREDI;5;16;21;26;43;
10/01/2022;LUNDI   ;20;21;28;31;33;
08/01/2022;SAMEDI  ;3;18;37;43;45;
05/01/2022;MERCREDI;7;11;29;41;43;
03/01/2022;LUNDI   ;7;11;34;39;42;
01/01/2022;SAMEDI  ;15;19;30;38;43;
29/12/2021;MERCREDI;7;9;13;31;42;
27/12/2021;LUNDI   ;4;20;25;27;37;
25/12/2021;SAMEDI  ;1;8;24;31;32;
22/12/2021;MERCREDI;22;33;35;36;43;
20/12/2021;LUNDI   ;13;20;30;41;45;
18/12/2021;SAMEDI  ;4;6;30;32;45;
15/12/2021;MERCREDI;15;27;30;31;46;
13/12/2021;LUNDI   ;6;12;15;23;35;
11/12/2021;SAMEDI  ;2;14;25;26;41;
08/12/2021;MERCREDI;8;15;17;27;36;
06/12/2021;LUNDI   ;3;20;24;29;49;
04/12/2021;SAMEDI  ;1;7;14;33;39;
01/12/2021;MERCREDI;3;15;17;41;49;
29/11/2021;LUNDI   ;21;32;33;39;48;
27/11/2021;SAMEDI  ;3;22;30;34;37;
24/11/2021;MERCREDI;11;14;42;43;46;
22/11/2021;LUNDI   ;15;20;30;31;42;
20/11/2021;SAMEDI  ;10;35;38;39;41;
17/11/2021;MERCREDI;9;19;32;36;38;
15/11/2021;LUNDI   ;1;10;19;21;23;
13/11/2021;SAMEDI  ;4;5;13;33;38;
10/11/2021;MERCREDI;12;19;25;40;42;
08/11/2021;LUNDI   ;11;13;26;30;43;
06/11/2021;SAMEDI  ;3;23;24;39;40;
03/11/2021;MERCREDI;9;24;27;28;49;
01/11/2021;LUNDI   ;17;33;34;45;48;
30/10/2021;SAMEDI  ;1;16;23;41;46;
27/10/2021;MERCREDI;19;25;39;44;47;
25/10/2021;LUNDI   ;8;10;13;33;45;
23/10/2021;SAMEDI  ;16;27;33;41;47;
20/10/2021;MERCREDI;3;13;23;24;47;
18/10/2021;LUNDI   ;5;6;11;20;29;
16/10/2021;SAMEDI  ;9;12;24;27;43;
13/10/2021;MERCREDI;14;29;35;40;41;
11/10/2021;LUNDI   ;3;13;39;42;44;
09/10/2021;SAMEDI  ;9;12;14;28;41;
06/10/2021;MERCREDI;1;12;13;44;48;
04/10/2021;LUNDI   ;7;23;26;34;42;
02/10/2021;SAMEDI  ;22;34;35;36;43;
29/09/2021;MERCREDI;11;22;24;25;38;
27/09/2021;LUNDI   ;17;23;27;46;49;
25/09/2021;SAMEDI  ;3;11;13;21;41;
22/09/2021;MERCREDI;15;16;32;44;48;
20/09/2021;LUNDI   ;18;25;28;40;43;
18/09/2021;SAMEDI  ;15;17;40;45;48;
15/09/2021;MERCREDI;5;11;22;28;33;
13/09/2021;LUNDI   ;7;21;28;36;44;
11/09/2021;SAMEDI  ;15;25;27;40;49;
08/09/2021;MERCREDI;1;4;9;12;42;
06/09/2021;LUNDI   ;12;19;20;39;44;
04/09/2021;SAMEDI  ;9;22;25;46;48;
01/09/2021;MERCREDI;17;18;23;25;34;
30/08/2021;LUNDI   ;10;12;15;33;39;
28/08/2021;SAMEDI  ;3;28;32;38;43;
25/08/2021;MERCREDI;24;29;33;45;49;
23/08/2021;LUNDI   ;1;11;13;20;21;
21/08/2021;SAMEDI  ;4;9;20;23;38;
18/08/2021;MERCREDI;10;34;37;42;49;
16/08/2021;LUNDI   ;7;9;11;32;44;
14/08/2021;SAMEDI  ;7;11;22;30;39;
11/08/2021;MERCREDI;2;4;23;34;39;
09/08/2021;LUNDI   ;3;4;14;21;36;
07/08/2021;SAMEDI  ;13;15;20;26;30;
04/08/2021;MERCREDI;7;13;21;42;47;
02/08/2021;LUNDI   ;14;16;26;27;32;
31/07/2021;SAMEDI  ;2;30;31;41;42;
28/07/2021;MERCREDI;16;17;18;45;48;
26/07/2021;LUNDI   ;5;24;39;44;45;
24/07/2021;SAMEDI  ;10;13;25;37;49;
21/07/2021;MERCREDI;3;30;44;48;49;
19/07/2021;LUNDI   ;9;15;21;23;25;
17/07/2021;SAMEDI  ;6;12;22;32;48;
14/07/2021;MERCREDI;3;10;20;36;37;
12/07/2021;LUNDI   ;1;2;7;8;17;
10/07/2021;SAMEDI  ;1;23;30;34;49;
07/07/2021;MERCREDI;5;18;39;40;44;
05/07/2021;LUNDI   ;1;6;28;34;46;
03/07/2021;SAMEDI  ;8;10;21;25;43;
30/06/2021;MERCREDI;5;9;17;38;49;
28/06/2021;LUNDI   ;8;9;29;39;44;
26/06/2021;SAMEDI  ;9;25;36;37;49;
23/06/2021;MERCREDI;4;26;28;44;45;
21/06/2021;LUNDI   ;1;7;8;31;47;
19/06/2021;SAMEDI  ;3;11;19;28;48;
16/06/2021;MERCREDI;1;11;27;32;49;
14/06/2021;LUNDI   ;14;27;30;31;43;
12/06/2021;SAMEDI  ;5;12;23;34;44;
09/06/2021;MERCREDI;10;16;24;30;46;
07/06/2021;LUNDI   ;7;15;18;23;30;
05/06/2021;SAMEDI  ;4;25;31;36;44;
02/06/2021;MERCREDI;6;9;22;39;48;
31/05/2021;LUNDI   ;12;27;31;35;37;
29/05/2021;SAMEDI  ;7;22;30;32;42;
26/05/2021;MERCREDI;12;35;36;45;47;
24/05/2021;LUNDI   ;12;23;35;37;42;
22/05/2021;SAMEDI  ;10;32;34;37;44;
19/05/2021;MERCREDI;4;38;45;46;48;
17/05/2021;LUNDI   ;9;11;17;21;29;
15/05/2021;SAMEDI  ;3;8;12;20;28;
12/05/2021;MERCREDI;1;12;22;31;36;
10/05/2021;LUNDI   ;11;34;36;39;47;
08/05/2021;SAMEDI  ;2;8;31;33;46;
05/05/2021;MERCREDI;2;4;39;45;47;
03/05/2021;LUNDI   ;10;13;14;23;47;
01/05/2021;SAMEDI  ;3;9;12;19;45;
28/04/2021;MERCREDI;1;4;5;9;35;
26/04/2021;LUNDI   ;1;13;33;35;37;
24/04/2021;SAMEDI  ;4;21;33;34;48;
21/04/2021;MERCREDI;3;11;17;27;49;
19/04/2021;LUNDI   ;4;11;25;33;35;
17/04/2021;SAMEDI  ;20;28;29;36;46;
14/04/2021;MERCREDI;11;16;18;23;40;
12/04/2021;LUNDI   ;8;14;16;17;32;
10/04/2021;SAMEDI  ;31;34;38;41;44;
07/04/2021;MERCREDI;25;37;38;41;46;
05/04/2021;LUNDI   ;1;3;7;33;40;
03/04/2021;SAMEDI  ;13;16;19;35;48;
31/03/2021;MERCREDI;3;18;20;29;39;
29/03/2021;LUNDI   ;2;23;24;35;38;
27/03/2021;SAMEDI  ;7;29;36;38;43;
24/03/2021;MERCREDI;1;4;43;45;47;
22/03/2021;LUNDI   ;7;21;29;30;36;
20/03/2021;SAMEDI  ;19;28;32;40;42;
17/03/2021;MERCREDI;1;18;28;29;41;
15/03/2021;LUNDI   ;3;9;12;30;33;
13/03/2021;SAMEDI  ;3;5;9;43;44;
10/03/2021;MERCREDI;5;8;14;16;49;
08/03/2021;LUNDI   ;4;6;8;13;16;
06/03/2021;SAMEDI  ;6;13;18;24;29;
03/03/2021;MERCREDI;4;5;6;15;35;
01/03/2021;LUNDI   ;13;16;27;28;36;
27/02/2021;SAMEDI  ;12;23;32;36;48;
24/02/2021;MERCREDI;7;18;39;43;45;
22/02/2021;LUNDI   ;6;11;18;19;30;
20/02/2021;SAMEDI  ;4;6;31;35;49;
17/02/2021;MERCREDI;11;27;28;29;48;
15/02/2021;LUNDI   ;10;24;36;39;41;
13/02/2021;SAMEDI  ;18;34;37;44;49;
10/02/2021;MERCREDI;4;5;20;25;40;
08/02/2021;LUNDI   ;7;8;18;37;49;
06/02/2021;SAMEDI  ;8;9;15;29;38;
03/02/2021;MERCREDI;10;26;32;36;41;
01/02/2021;LUNDI   ;7;17;19;24;27;
30/01/2021;SAMEDI  ;6;21;28;31;47;
27/01/2021;MERCREDI;2;9;12;25;46;
25/01/2021;LUNDI   ;3;13;17;21;23;
23/01/2021;SAMEDI  ;21;27;38;39;43;
20/01/2021;MERCREDI;5;16;35;42;49;
18/01/2021;LUNDI   ;5;14;30;46;47;
16/01/2021;SAMEDI  ;8;12;29;36;39;
13/01/2021;MERCREDI;5;6;11;28;49;
11/01/2021;LUNDI   ;1;9;14;26;37;
09/01/2021;SAMEDI  ;7;22;32;38;40;
06/01/2021;MERCREDI;10;23;25;34;44;
04/01/2021;LUNDI   ;6;16;25;37;46;
02/01/2021;SAMEDI  ;10;11;31;32;39;
30/12/2020;MERCREDI;5;16;27;32;41;
28/12/2020;LUNDI   ;1;7;44;45;49;
26/12/2020;SAMEDI  ;8;18;35;40;46;
23/12/2020;MERCREDI;8;11;22;31;38;
21/12/2020;LUNDI   ;13;14;19;28;43;
19/12/2020;SAMEDI  ;4;25;27;41;45;
16/12/2020;MERCREDI;8;13;15;40;46;
14/12/2020;LUNDI   ;6;7;9;23;41;
12/12/2020;SAMEDI  ;1;17;20;41;46;
09/12/2020;MERCREDI;2;26;28;31;43;
07/12/2020;LUNDI   ;6;13;20;38;47;
05/12/2020;SAMEDI  ;4;6;13;20;22;
02/12/2020;MERCREDI;1;3;14;30;47;
30/11/2020;LUNDI   ;10;15;17;41;47;
28/11/2020;SAMEDI  ;9;14;33;41;48;
25/11/2020;MERCREDI;1;3;13;22;33;
23/11/2020;LUNDI   ;4;17;19;29;38;
21/11/2020;SAMEDI  ;3;9;18;25;48;
18/11/2020;MERCREDI;4;5;12;16;37;
16/11/2020;LUNDI   ;2;8;18;46;49;
14/11/2020;SAMEDI  ;9;11;38;43;47;
11/11/2020;MERCREDI;14;16;18;39;41;
09/11/2020;LUNDI   ;3;27;36;43;46;
07/11/2020;SAMEDI  ;11;16;20;24;33;
04/11/2020;MERCREDI;5;6;9;21;24;
02/11/2020;LUNDI   ;4;18;34;35;48;
31/10/2020;SAMEDI  ;20;31;35;40;49;
28/10/2020;MERCREDI;3;21;29;36;49;
26/10/2020;LUNDI   ;5;7;8;11;33;
24/10/2020;SAMEDI  ;4;6;10;19;47;
21/10/2020;MERCREDI;6;10;19;32;35;
19/10/2020;LUNDI   ;35;36;37;40;49;
17/10/2020;SAMEDI  ;10;18;24;29;30;
14/10/2020;MERCREDI;6;16;19;20;34;
12/10/2020;LUNDI   ;2;4;7;23;36;
10/10/2020;SAMEDI  ;23;34;39;47;48;
07/10/2020;MERCREDI;5;28;35;41;47;
05/10/2020;LUNDI   ;1;9;14;16;37;
03/10/2020;SAMEDI  ;16;18;27;32;39;
30/09/2020;MERCREDI;16;19;24;43;44;
28/09/2020;LUNDI   ;20;27;40;42;48;
26/09/2020;SAMEDI  ;11;14;15;32;38;
23/09/2020;MERCREDI;22;23;28;33;37;
21/09/2020;LUNDI   ;17;19;24;26;35;
19/09/2020;SAMEDI  ;6;8;9;22;27;
16/09/2020;MERCREDI;8;10;19;29;46;
14/09/2020;LUNDI   ;10;31;42;45;48;
12/09/2020;SAMEDI  ;12;19;21;35;43;
09/09/2020;MERCREDI;2;15;28;39;40;
07/09/2020;LUNDI   ;6;8;41;46;47;
05/09/2020;SAMEDI  ;4;9;10;18;26;
02/09/2020;MERCREDI;24;26;31;32;47;
31/08/2020;LUNDI   ;5;13;14;45;48;
29/08/2020;SAMEDI  ;4;19;27;31;43;
26/08/2020;MERCREDI;17;33;36;43;49;
24/08/2020;LUNDI   ;17;21;30;32;36;
22/08/2020;SAMEDI  ;4;5;29;35;42;
19/08/2020;MERCREDI;3;32;33;39;49;
17/08/2020;LUNDI   ;8;11;15;38;45;
15/08/2020;SAMEDI  ;7;16;38;41;42;
12/08/2020;MERCREDI;15;25;28;42;44;
10/08/2020;LUNDI   ;8;20;34;44;46;
08/08/2020;SAMEDI  ;5;9;18;26;32;
05/08/2020;MERCREDI;9;16;28;39;43;
03/08/2020;LUNDI   ;11;26;29;30;44;
01/08/2020;SAMEDI  ;10;26;31;41;44;
29/07/2020;MERCREDI;9;36;42;43;49;
27/07/2020;LUNDI   ;17;22;23;32;45;
25/07/2020;SAMEDI  ;11;29;32;40;43;
22/07/2020;MERCREDI;28;29;30;35;47;
20/07/2020;LUNDI   ;1;11;37;39;48;
18/07/2020;SAMEDI  ;12;23;26;28;39;
15/07/2020;MERCREDI;12;16;17;29;31;
13/07/2020;LUNDI   ;1;9;12;15;22;
11/07/2020;SAMEDI  ;4;17;24;34;43;
08/07/2020;MERCREDI;3;5;14;20;44;
06/07/2020;LUNDI   ;1;2;5;19;39;
04/07/2020;SAMEDI  ;6;8;22;27;33;
01/07/2020;MERCREDI;18;21;34;37;48;
29/06/2020;LUNDI   ;14;18;19;29;41;
27/06/2020;SAMEDI  ;12;16;20;34;49;
24/06/2020;MERCREDI;5;9;24;30;31;
22/06/2020;LUNDI   ;15;34;36;44;46;
20/06/2020;SAMEDI  ;14;15;20;36;48;
17/06/2020;MERCREDI;1;19;23;28;39;
15/06/2020;LUNDI   ;19;24;25;33;41;
13/06/2020;SAMEDI  ;5;10;16;43;45;
10/06/2020;MERCREDI;15;25;31;35;49;
08/06/2020;LUNDI   ;1;2;13;33;38;
06/06/2020;SAMEDI  ;19;22;23;40;41;
03/06/2020;MERCREDI;15;19;40;44;47;
01/06/2020;LUNDI   ;4;8;21;40;41;
30/05/2020;SAMEDI  ;3;5;33;36;45;
27/05/2020;MERCREDI;3;12;22;37;49;
25/05/2020;LUNDI   ;7;24;36;43;47;
23/05/2020;SAMEDI  ;5;7;26;32;46;
20/05/2020;MERCREDI;24;25;35;39;43;
18/05/2020;LUNDI   ;27;32;36;37;44;
16/05/2020;SAMEDI  ;9;26;31;37;47;
13/05/2020;MERCREDI;11;19;21;24;48;
11/05/2020;LUNDI   ;13;17;20;27;33;
09/05/2020;SAMEDI  ;2;11;30;35;46;
06/05/2020;MERCREDI;1;20;40;45;49;
04/05/2020;LUNDI   ;7;16;24;36;47;
02/05/2020;SAMEDI  ;7;11;18;21;42;
29/04/2020;MERCREDI;5;7;32;34;42;
27/04/2020;LUNDI   ;1;7;16;20;39;
25/04/2020;SAMEDI  ;3;9;26;34;43;
22/04/2020;MERCREDI;27;29;32;33;49;
20/04/2020;LUNDI   ;19;26;29;30;45;
18/04/2020;SAMEDI  ;11;14;33;36;41;
15/04/2020;MERCREDI;3;7;18;48;49;
13/04/2020;LUNDI   ;13;14;18;43;44;
11/04/2020;SAMEDI  ;12;15;20;24;49;
08/04/2020;MERCREDI;24;27;42;43;49;
06/04/2020;LUNDI   ;3;12;17;18;19;
04/04/2020;SAMEDI  ;13;23;24;38;48;
01/04/2020;MERCREDI;1;16;19;36;44;
30/03/2020;LUNDI   ;4;10;14;38;39;
28/03/2020;SAMEDI  ;5;22;35;38;39;
25/03/2020;MERCREDI;16;28;35;38;43;
23/03/2020;LUNDI   ;2;5;12;19;29;
21/03/2020;SAMEDI  ;3;5;35;36;40;
18/03/2020;MERCREDI;4;14;25;34;40;
16/03/2020;LUNDI   ;6;12;28;45;48;
14/03/2020;SAMEDI  ;1;28;32;34;36;
11/03/2020;MERCREDI;3;10;23;39;47;
09/03/2020;LUNDI   ;5;19;39;44;48;
07/03/2020;SAMEDI  ;11;14;29;30;39;
04/03/2020;MERCREDI;1;4;6;17;29;
02/03/2020;LUNDI   ;1;21;33;38;49;
29/02/2020;SAMEDI  ;10;12;26;36;41;
26/02/2020;MERCREDI;15;36;38;42;46;
24/02/2020;LUNDI   ;3;11;28;31;44;
22/02/2020;SAMEDI  ;12;24;33;37;42;
19/02/2020;MERCREDI;19;25;30;38;40;
17/02/2020;LUNDI   ;2;4;17;27;44;
15/02/2020;SAMEDI  ;1;4;32;43;45;
12/02/2020;MERCREDI;27;29;31;44;47;
10/02/2020;LUNDI   ;6;10;11;28;36;
08/02/2020;SAMEDI  ;7;22;29;37;46;
05/02/2020;MERCREDI;18;22;28;43;46;
03/02/2020;LUNDI   ;6;7;9;33;47;
01/02/2020;SAMEDI  ;13;36;40;46;48;
29/01/2020;MERCREDI;9;12;18;25;37;
27/01/2020;LUNDI   ;15;22;32;37;45;
25/01/2020;SAMEDI  ;7;8;15;40;44;
22/01/2020;MERCREDI;9;12;35;36;43;
20/01/2020;LUNDI   ;4;6;29;31;45;
18/01/2020;SAMEDI  ;2;4;5;28;49;
15/01/2020;MERCREDI;3;6;20;36;41;
13/01/2020;LUNDI   ;3;8;15;35;44;
11/01/2020;SAMEDI  ;3;13;14;22;33;
08/01/2020;MERCREDI;6;15;18;24;29;
06/01/2020;LUNDI   ;5;15;17;42;44;
04/01/2020;SAMEDI  ;13;25;26;39;40;
01/01/2020;MERCREDI;5;21;29;40;44;
30/12/2019;LUNDI   ;17;22;27;42;44;
28/12/2019;SAMEDI  ;10;18;42;44;45;
25/12/2019;MERCREDI;12;23;27;32;44;
23/12/2019;LUNDI   ;4;5;35;40;48;
21/12/2019;SAMEDI  ;1;12;14;22;49;
18/12/2019;MERCREDI;6;23;28;36;44;
16/12/2019;LUNDI   ;1;6;31;40;49;
14/12/2019;SAMEDI  ;6;8;12;36;44;
11/12/2019;MERCREDI;9;15;40;48;49;
09/12/2019;LUNDI   ;3;5;16;42;44;
07/12/2019;SAMEDI  ;2;5;8;24;48;
04/12/2019;MERCREDI;24;29;30;36;44;
02/12/2019;LUNDI   ;5;12;14;40;45;
30/11/2019;SAMEDI  ;4;24;25;39;40;
27/11/2019;MERCREDI;5;11;25;27;32;
25/11/2019;LUNDI   ;4;14;41;45;47;
23/11/2019;SAMEDI  ;10;33;35;40;43;
20/11/2019;MERCREDI;3;13;31;40;42;
18/11/2019;LUNDI   ;20;22;36;37;40;
16/11/2019;SAMEDI  ;13;15;30;39;41;
13/11/2019;MERCREDI;2;25;42;44;49;
11/11/2019;LUNDI   ;16;18;32;44;45;
09/11/2019;SAMEDI  ;4;9;13;28;49;
06/11/2019;MERCREDI;28;35;41;44;48;